file_name,transcription,duration_seconds,speaker,language,script,source
data/clip_0001.wav,ਤੰਨਤੇ ਮਨਦਾ ਗੈਰਾ ਸਬਾਦ ਹੈ ਤਨ ਤੇ ਮਾਨਵਾਰ ਇਹਨਾਂ ਦਾ ਦੋਵਾਂ ਦਾ ਗਿਰਾ ਸਮਾਬਤਾ ਹੈ ਮੈਂ ਐਹ ਸਮਤਵਰਤਾ ਬੋਡੀ ਸਰਖੋਣ ਹੈ,11.13,Bhai Ranjit Singh (Dhadrianwale),pa,Gurmukhi,https://www.youtube.com/watch?v=t6wXJUD4p40
data/clip_0002.wav,ਤੇ ਬਚਾਰ ਮਾਨਾ ਨਿਰਭਨੋਣਾ ਹੈ ਦੋਨੇ ਇੱਕ ਨੇਰਜਸ਼ਰੀਰ ਨਾ ਹੋਵੇ ਤੇ ਮਨਕੀਥੇ ਹੈ,8.78,Bhai Ranjit Singh (Dhadrianwale),pa,Gurmukhi,https://www.youtube.com/watch?v=t6wXJUD4p40
data/clip_0003.wav,ਹਣਾ ਤੇ ਜਿ ਮਾਈਡੀ ਨਾ ਹੋਵੇ ਮਾਨਨਾ ਹੋਵੇ ਜੇਣਾ ਰਾਤ ਨੂੰ ਸਭ ਕੌਨਸੀ ਸਮਾਈਨ ਡਿਜਿ ਨੂੰ ਕਿਂਦੇ ਨੇ ਅਚੇਰ ਤਮਾਨਬੋਡੀ ਨੂੰ ਢਿ ਓਹੀ ਚਲਾਂਦਾ ਆਪਾਂ ਤੇ ਸੋੁਝਾਂ ਨੇ ਪ੍ਰਸਾ ਵਿਚਲਾੰਂਗਦਾ ਬਰੇਨ ਵੀ ਚਲਾਂਦਾ ਸੱਭ ਕੁਝ ਅਚੇਰ ਧਮਾਨ ਚਲਾਂਦਾ ਸਾਡਾ ਪਲੱਢ ਸਰਕੋਲੇਸ਼ਨ ਉ ਨਾ ਕੰਟਰੋਲ ਸਾਫ ਲਹੀ ਾ ਮਾਈਡਦਾ ਡੋਰੂਪ ਨੇ,21.07,Bhai Ranjit Singh (Dhadrianwale),pa,Gurmukhi,https://www.youtube.com/watch?v=t6wXJUD4p40
data/clip_0004.wav,ਇਹ ਦੇ ਇੱਕ ਸੁਚੇਤ ਇੱਕ ਅਚੇ ਜਿੜਹਾ ਸੁਚੇਤ ਹੈ ਇਹਨੇ ਸੌ ਜਾਣਾ ਹ ਰਾਤ ਾਲ ਪਰ ਜਿੜਹਾ ਅੇਤ ਹੈ ਉਹ ਜਾਰਤ ਹੈ ਉਹ ਬਲੱਡ ਚਲਾਣਾ,11.87,Bhai Ranjit Singh (Dhadrianwale),pa,Gurmukhi,https://www.youtube.com/watch?v=t6wXJUD4p40
data/clip_0005.wav,ਨੀਦ ਦੋ ਸੁਤਿਆਂ ੇ ਸਾਰੀ ਬੋਡੀ ਨੂੰ ਚਲਾਗਦਾ ਹੈ ਉਹ ਹੈ ਚੀ ਜਿੜ੍ਾ ਜਾਗਹਾ ਹ ਹੁਣ ਜੇ ਅਚੇਤ ਵੀ ਮਰਗਿਆ ਤੇ ਬੋਡੀ ਵਰਜੂ ਨੈ ਇਹ ਦੋਨੇ ਕੱਠੇ ਨੇ ਇੱਕੋਈ ਵਿਲ,15.23,Bhai Ranjit Singh (Dhadrianwale),pa,Gurmukhi,https://www.youtube.com/watch?v=t6wXJUD4p40
data/clip_0006.wav,ਹੁਣ ਇੱਕ ਚਿੱਤਾ ਰੱਖੇ ਇਹਨਾਂ ਦੋਨਾਂ ਵਿਚੋਂ ਇੱਕਵੀ ਰੋਕੀ ਹੋ ਜਾਣਦਾਹ ਦੂਜਾ ਨਾਲ ਨਹੀ ਹੋਇੱਕਛੇ,9.01,Bhai Ranjit Singh (Dhadrianwale),pa,Gurmukhi,https://www.youtube.com/watch?v=t6wXJUD4p40
data/clip_0007.wav,ਤੁਨਾਂ ਚੋ ਇੱਕ ਲੂੰ ਹਰਾਵਧਾਰ ਲੋ ਦੁਜਾ ਆਪਰੇ ਖਰਾਬ ਨੋ,3.81,Bhai Ranjit Singh (Dhadrianwale),pa,Gurmukhi,https://www.youtube.com/watch?v=t6wXJUD4p40
data/clip_0008.wav,ਰਾਲਕੇ ਕੰਮ ਖਰਤ ਦੇ ਨੇ ੇ ਮਸਾਡਾ ਮਾਰਨ ਮਾਈਮਾ ਡ ਤੇ ਸਾਡੇ ਸਾਡਾ ਧਾ ਨਾਲ ਨਾਲ ਹ ਇੱਕ ਨਹੀ ਨ,9.94,Bhai Ranjit Singh (Dhadrianwale),pa,Gurmukhi,https://www.youtube.com/watch?v=t6wXJUD4p40
data/clip_0009.wav,ੋੋਇੱਕ ਨਿਰਕੋ ਨੇ ਨਿੜਾਣਾ ਦੇ ਸਦਾਹ ਇੱਕ ਸਰਵ ਹੋਣ ਹੈ ਜਿੜਾ ਦਿੱ ਸ ਇੱਕ ਦਹੀ ਪਾਠ,6.53,Bhai Ranjit Singh (Dhadrianwale),pa,Gurmukhi,https://www.youtube.com/watch?v=t6wXJUD4p40
data/clip_0010.wav,ਠੀਕ ਹੀ ਹੁਣ ਇੱਕ ਖਰਾਬ ਹੋ ਗਿਆ ਮਨ ਤੋਂ ਮੇਰਾ ਮਾਨਕ ਫਰੇਸ਼ਾਨੈਬਿਨੂੂ ਸ੍ਰੈਸ ਭਈ ਵਡੀ ਦੀ,8.81,Bhai Ranjit Singh (Dhadrianwale),pa,Gurmukhi,https://www.youtube.com/watch?v=t6wXJUD4p40
data/clip_0011.wav,ਤੇ ਧੰਨਵੇਂ ਜਪੀੜ ਾਡਾਆਪਣੇ ਸੁਰੂ ਹੋਏ ਣਗੇ,4.48,Bhai Ranjit Singh (Dhadrianwale),pa,Gurmukhi,https://www.youtube.com/watch?v=t6wXJUD4p40
data/clip_0012.wav,ਭੁੱਖ ਲੱਕੜੀ ਆਪਣੀ ਹੱਢ ਰਿਂਡ ਦਿਲ ਕੱਚਾਜਿਾ ਹੋਣਾ ਹੈ ਸੁਸਤੀ ਜੀ ਪਈ ਯਨੀਂ ਦਈ ਜਾਣੀ ਹੈ ਇਹ ਲੱਘਣਾ ਵੀ ਅਰਲਤਾਂ ਵੀ ਦੂਖੀ ਜਾਦੀਆਂ ਵਚ,11.69,Bhai Ranjit Singh (Dhadrianwale),pa,Gurmukhi,https://www.youtube.com/watch?v=t6wXJUD4p40
data/clip_0013.wav,ਪਰੇਸ਼ਾਨ ਹੋਜਾਨੀ ਦਾ ਬੋਟਿਗ ਕਿਉਂਕਿ ਸਾਡਾ ਰੋਕੀ ਕੀ ਹੈ ਵਾਇਹ ਹੋ ਗਿਆ ਹੋਣ ਅਜੋਦੁਜੇ ਵਾਸੇ ਜਿਤਾਨੋਰੋਕੀ ਹੋਵ,11.34,Bhai Ranjit Singh (Dhadrianwale),pa,Gurmukhi,https://www.youtube.com/watch?v=t6wXJUD4p40
data/clip_0014.wav,ਤਾਨੋਰੋਗੀ ਹੋਮੇ ਪਰੇਸ਼ਾਨ ਹੋਵੇ ਵੱਲੋਂ ਵੀ ਪਿਤੇ ਿਚ ਪੱਥਰੀ ਹੈ ਤੇ ਦਰਦ ਹੋ ਰਿਹਾ ਹੈ,6.97,Bhai Ranjit Singh (Dhadrianwale),pa,Gurmukhi,https://www.youtube.com/watch?v=t6wXJUD4p40
data/clip_0015.wav,ਦਿਖੋ ਇਘਿੱਡਾ ਪੈੜਾ ਤਰਦ ਹੈ ਜਾੜਦਾ ਦਰਦ ਹੈ ਪੈੜਾ ਹੈ ਨਕੰਨਦਾਦਰ ਭੈੜਾ ਹੈ ਅੱਖਰ ਦਾ ਧਰਤ,9.81,Bhai Ranjit Singh (Dhadrianwale),pa,Gurmukhi,https://www.youtube.com/watch?v=t6wXJUD4p40
data/clip_0016.wav,ਪੈੜਾ ਇਾ ਕਾਨ ਚੀਸਾ ਪਈਂਦੀਆਂ ਚੀਸਾਾ ਇਹ ਧੰਨਦਾ ਰੋ ਗਏ ਅਚਾਂ ਹੁਣ ਕੌ ਵਿਮਾਨਭੋਸ਼ਰਰੇਜ ਵੇ,9.4,Bhai Ranjit Singh (Dhadrianwale),pa,Gurmukhi,https://www.youtube.com/watch?v=t6wXJUD4p40
data/clip_0017.wav,ਇਕਚੀਜ ਭਈਦੀ ਹੈ ਤੇ ਮਾਨਵਪਰੇਸ਼ਾਰ ਹੋਣ ਗਿਆ ਤਾਨਾਦਾ ਸਿੱਧਾ ਅਸਰਕਾ ਦੇ ਤੇ ਹੈ ਮਾਨਵਾਂ ਨੇ,6.77,Bhai Ranjit Singh (Dhadrianwale),pa,Gurmukhi,https://www.youtube.com/watch?v=t6wXJUD4p40
data/clip_0018.wav,ਭਿੱਤੇ ਿੱਚ ਪੱਥਰੀ ਤਰਦ ਛਿੜਕਿਆ ਹੁਣ ਗੌਵਿਜਲੈਕਸੱਲ ਪੱਥਰੀ ਜੀ ਕਾਵਾਈਦੀਆਂ ਨਿਯਾਰ ਉੱਥੇ ਕਿੱਥੇ ਮਾਨਸ਼ਾਂਸ,8.69,Bhai Ranjit Singh (Dhadrianwale),pa,Gurmukhi,https://www.youtube.com/watch?v=t6wXJUD4p40
data/clip_0019.wav,ਇਹਤਾਹੀੀ ਹੁਣ ਤੰਨੋਰੋਕੀ ਹੋਏਗਾ ਤੇ ਮਨ ਓਟੋਮੈਟਿਕ ਹੀ ਰੋਕੀ,9.38,Bhai Ranjit Singh (Dhadrianwale),pa,Gurmukhi,https://www.youtube.com/watch?v=t6wXJUD4p40
data/clip_0020.wav,ਤੇ ਜਿਵਮਨ ਰੋਗੀ ਹੈ ਮਨ ਤੇ ਕੋਈ ਅਸਾਰ ਹੈ ਤੇ ਸ਼ਰੀਰ ਅਪਣੇ ਆਪ ਹੀ ਰੋਕੀ ਕਿਉਂਕਿ ਇੱਕੀ ਨੇ ਦੂਰ ਧੋੜਾਂ ਨੇ ਕੱਠੇ ਨੇ ਹੁਣਨੋਟ ਕਰਨੋ ਨਿਰੀ ਹ,11.81,Bhai Ranjit Singh (Dhadrianwale),pa,Gurmukhi,https://www.youtube.com/watch?v=t6wXJUD4p40
data/clip_0021.wav,ਜੇ ਸ਼ਰੀਰ ਦਾ ਧਿਆਨ ਨਾ ਰੱਖਿਆ ਹੋਿਆ ਫਿਜੀਕਲੀ ਐਕਟਿਵਿਟੀ ਹੋਈ ਨਾ ਗਾ ਹੀ ਪਜੇ ਨਾ,10.11,Bhai Ranjit Singh (Dhadrianwale),pa,Gurmukhi,https://www.youtube.com/watch?v=t6wXJUD4p40
data/clip_0022.wav,ਸੈਰਾ ਕੀਤੀ ਟੋੜੇਨਾ ਐਕਸਰਸਾਈਜ਼ ਡਾਰ ਕੀਤੀ ਮੋਟਾਬਪਾਂ ਵਧਾ ਲਿਆ ਸ਼ਰੀਰ ਪੁੱਲਲਗਿਆ ਸਦਾ ਲਹਈ ਹੋ ਲਗਿਆ,10.04,Bhai Ranjit Singh (Dhadrianwale),pa,Gurmukhi,https://www.youtube.com/watch?v=t6wXJUD4p40
data/clip_0023.wav,ਮਤਲਬ ਮੇਰਾ ਵੇਟ ਚਾਈ ਦਾ ਪੈਠ ਕਿੱਲੋਂ ਸਿੱਕਸਟੀ ਫਾਈ ਹਾਈ ਤੇ ਮੈਂ ਕਰ ਲਿਆ ਪਚਾਸੀ,6.72,Bhai Ranjit Singh (Dhadrianwale),pa,Gurmukhi,https://www.youtube.com/watch?v=t6wXJUD4p40
data/clip_0024.wav,ਤੇ ਵੀਹ ਗਿੱਲੋਂ ਮੈਂ ਬੇਟ ਚੱਕਲਿਆ ਆਪਣੇ ਸ਼ਰੀਰ ਤੇ ਵੱਧਤ ਕਿੀਤਾ ਹੈ ਵੀਹ ਕਿੱਲੋ ਸਮਝਲੋਂ ਵੀਹ ਕਿੱਲੋਂ ਦਾ ਬਚਾਅ ਜਾਇਉੱਟੇ ਜੱਕੀਰ ਦਾਇੱਕ ਮਿਆ ਇੱਕ ਵੀਹ ਕਿੱਲੋਮੇਰੇ ਉੱਤੇ ਹੈ,11.87,Bhai Ranjit Singh (Dhadrianwale),pa,Gurmukhi,https://www.youtube.com/watch?v=t6wXJUD4p40
data/clip_0025.wav,ਅਈਕਾਂ ਪਾਰਰਮੈਂ ਆਪਣੇ ਉੱਤੇ ਝੱਕ ਲਿਆ,3.65,Bhai Ranjit Singh (Dhadrianwale),pa,Gurmukhi,https://www.youtube.com/watch?v=t6wXJUD4p40
data/clip_0026.wav,ਤਸਾਵਲਾ ਕਿ ਵਿਖੋ ਜਦੋਂ ਮੈਂ ਉਹ ਨੂੰ ਚੱਕੀ ਭਿਰ ਦਾਂ ਮੈਂ ਸਾੋਣਾ ਹੈ ਪੈਣਾ ਹੈ ਖੜਨਾ ਹੈ ਜਦੋਂ ਦਰਦ ਹੋ ਣਹੀ ਹੈ ਮਾੜੀ ਵੀ ਚੀਜ ਨਹੀਂ,8.87,Bhai Ranjit Singh (Dhadrianwale),pa,Gurmukhi,https://www.youtube.com/watch?v=t6wXJUD4p40
data/clip_0027.wav,ਸੈਟ ਹੋ ਸਕਣੇ ਕਤੇ ਮੋਹ ਉੱਚ ਆਜਣੀਕਦੇ ਖੁਸ਼ ਹੋ ਜਾਣਾ ਕੱਦੇ ਖੋਸ਼਼ ਹੋ ਜਾਣਾ ਹੈ ਹੁਣ ਮੇਰਾ ਧਾਨ ਰੋਕੀ ਰਹੀ ਦਾ ੈ ਹੋਣੇ ਦੇ ਨਾਲ ਮੇਰਾ ਮਾਨ ਵੀ ਰੂਗੀ ਹੋ ਰਹਿਣ ਲੱਗ ਜਾਂਦਾ,10.75,Bhai Ranjit Singh (Dhadrianwale),pa,Gurmukhi,https://www.youtube.com/watch?v=t6wXJUD4p40
data/clip_0028.wav,ਮੇਰੇ ਮਾਲ ਤੇ ਉਹਦਾ ਅਸਰ ਹੋ ਰਿਹਾ ਵਾਰਾ,3.31,Bhai Ranjit Singh (Dhadrianwale),pa,Gurmukhi,https://www.youtube.com/watch?v=t6wXJUD4p40
data/clip_0029.wav,ਪਰੇਸ਼ਾਨਤੀ ਹੋ ਗਈ ਨਾ ਸਭ ਤੋਂ ਵੱਧ ਜੇ ਮੰਨ ਨੂੰ ਸ਼ਾਂਤ ਕਰਾਨਾ ਚਾਹੁੰਦੇ ਹ ਨੁੱਖਤੇ ਨੇ ਇਹ ਪਹਿਲਾ ਲੁਖਤਾਕੰਮ ਕਰਵੋ ਗਾ ਮੇਨ ਨੀ ਦਰ ਦ,10.9,Bhai Ranjit Singh (Dhadrianwale),pa,Gurmukhi,https://www.youtube.com/watch?v=t6wXJUD4p40
data/clip_0030.wav,ਬਹੁਤ ਆਪਣੇ ਆਪਣੇ ਚੇੜੇ ੀਜਿੰਮੇ ਵਾਲੀਆਨੂੰਪੂਰੀ ਦੀਹਝ ਨਾਲ ਨਵਾਉਆਪਣੇ ਆਪ ਨੂੰ ਬਿਜ਼ੀ ਰੱਖੜਾ ਪਹਿਲਾ ਲੁੱਖਤਾ ਇਹੀ ਹੈ,9.56,Bhai Ranjit Singh (Dhadrianwale),pa,Gurmukhi,https://www.youtube.com/watch?v=t6wXJUD4p40
data/clip_0031.wav,ਕੰਮ ਕਰਦਾ ਹੈ ਇਹ ਇਹ ਨੂੰ ਵੈ ਥੋੜ ਜਾ ਹੋਰ ਖੋਲ ਦੇਂ ਆਏ ਆਪਣੇ ਜੋਂ ਕਿਸੇ ਵੀ ਬਦਲੇ ਨੂੰ,5.58,Bhai Ranjit Singh (Dhadrianwale),pa,Gurmukhi,https://www.youtube.com/watch?v=t6wXJUD4p40
data/clip_0032.wav,ਆਪਣੇ ਚੋ ਕਿਸੇ ਵੀ ਬੰਦੇ ਅੱਜ ਮੈਲਿੱਕੇ ਦੇਰ ਨੂੰ ਤਿਆਰ ਹੈ ਲੱਖ ਰੁਪਈਆ ਮੀ ਨਾ ਦਈ ਹਏ ਤੇ ਉਹ ਨੂੰ ਇਹ ਕਹਿ ਰੀ ਹ ਵਿੋ ਕੋਈ ਕੰਬ ਨਹੀਂ ਧਿਰ ਤਕੋਈ ਵੀ ਕੰਮ ਹੀਂ ਹੇ,14.04,Bhai Ranjit Singh (Dhadrianwale),pa,Gurmukhi,https://www.youtube.com/watch?v=t6wXJUD4p40
data/clip_0033.wav,ਡਿਊਟੀਵੀ ੇੀ ਪਹਿਲੋਂ ਪੁੱਲ ਵਿਨੇ ਸਾਡੇ ਪਰਮੇਸ਼ਰ ਦਵਾਰ ਵਿੱਚ ਜੇਤ ਦੁਖੀ ਹੋਏਗਾ ਤੇ ਸਭ ਤੋਂ ਵੱਧਦਾ ਵੱਧ ਉਹ ਦੁਖੀ ਹੋਹੋ,9.34,Bhai Ranjit Singh (Dhadrianwale),pa,Gurmukhi,https://www.youtube.com/watch?v=t6wXJUD4p40
data/clip_0034.wav,ਬਾਕੀਆਂ ਦੀ ਤਨਖਾਦ ਦੇ ਦਸ ਹਜ਼ਾਰ ਉਹ ਨੂੰ ਰੇੀ ਲਗ ਤੇ ਨਾਲ ਵੇਾਘਰਕੋਈ ਕੰਬਨਾ ਪਦਾ,5.78,Bhai Ranjit Singh (Dhadrianwale),pa,Gurmukhi,https://www.youtube.com/watch?v=t6wXJUD4p40
data/clip_0035.wav,ਸਭ ਤੋਂ ਵੱਧ ਅਨਬਰਬਰ ਦੁਖੀ ਹ ਜਦੋਂ ਵਰਜੀ ਨੋਲਕਕਿਸੇ ਪੱਡੇ ਨੂੰ ਸੱਤਿਆ ਨਾਸ ਕਰਨਾ ਦਾ ਉਨਵਿਲੈਰ,10.56,Bhai Ranjit Singh (Dhadrianwale),pa,Gurmukhi,https://www.youtube.com/watch?v=t6wXJUD4p40
data/clip_0036.wav,ਉਹਦੇ ਸਾਰੀਆਂ ਡਿਊਡੀਆਂ ਖਤਮ ਕਰਨ ਤੋਂ ਉਹਦਾ ਸੱਤੇ ਅਦਾ ਜਪਿੱਲ ਲੋੋਲ ਲੱਖਖ ਉਜਿਉਂ ਦਾਹੀ ਵਰਜਾਧਾ ਕਿਉਂਕਿ ਹ ਦੀ ਐਕਟੀਬਟੀ ਵਰਜਾਦੇ ਗਿ,11.25,Bhai Ranjit Singh (Dhadrianwale),pa,Gurmukhi,https://www.youtube.com/watch?v=t6wXJUD4p40
data/clip_0037.wav,ਉਹ ਕ੍ਰੀਟਿੀ ਘਰਦਪੁਸਉਹ ਨੂੰ ਆਪਣੇ ਆਪ ਲੈ ਲਾਗਦਾਹ ਮੈਿਹੋ ਯਾਹੇਗਾ ਜਿਹੋਯਨ ਜਵਾਂਹੀ ਆਪਣ ਨੈਗਟਿਵੀਟੀ ਬਰਨਚਾਦ ਕਿਉਂਕਿ ਕੰਮ ਨਹੀਂ ਗਾਦਾ,11.78,Bhai Ranjit Singh (Dhadrianwale),pa,Gurmukhi,https://www.youtube.com/watch?v=t6wXJUD4p40
data/clip_0038.wav,ਆਪਣੇ ਵੀਦਾ ਆਣੇ ੇਬਚਾਮਾਂ ਵੀਪ੍ਰਮੇਸ਼ਰ ਦਾਰ ਵਿਵੇਂ ਫੁਲਾਣੇਾਰੇ ਨੂੰ ਵੇਲਾ ਕਰਨਾ ਹੈ ਅਈਧਾ ਨੀ ਹੋਣਾ,7.25,Bhai Ranjit Singh (Dhadrianwale),pa,Gurmukhi,https://www.youtube.com/watch?v=t6wXJUD4p40
data/clip_0039.wav,ਈੱਥੇ ਕੋਈ ਬੰਦਾ ਬੇਾ ਰਹੀ ਨੀ ਸਗਦੈ ਉ ਨੂ ਗਮੇਨਵੇਲਾ ਘਰਤਾ ਉਹ ਬਾਲਟੀ ਚੱਖ ਲਵੇਂ ਲੈਂਗਰ ਜਜਾ ਕਿ ਮੈਂ ਆਠੇ ਘੇੰਡੇ ਗਰ ਲਈ ਕਰਨੋ ਬਿੱਲ ਅਈਥੇ ਦੇਵੇਲਾਕਾਰੀ ਨਹੀਂ ਜੰਗ ਦਿਤੀੀ ਤੀਸੇ,9.81,Bhai Ranjit Singh (Dhadrianwale),pa,Gurmukhi,https://www.youtube.com/watch?v=t6wXJUD4p40
data/clip_0040.wav,ਉਹ ਕਿਦੇਨਾਂ ਦੇ ਦੇ ਫਾਡਾ ਫੜ ਡਿਊਟੀ ਸਾਂ ਵੱਲੇ ਵੇ ਮੈਂ ਇੱੇ ਵਠਾਲੈ ਮੈਂ ਬੈ ਗਿਆ ਹ ਮੈਂ ਵਿਖੀ ਜਤਾ ਆਇਆ ਗਏ ਨੂੰ ਦੋਡਗਰੀ ਂਨਾ ਅਜਵਇੱਥੇ ਬੈਜਾਂ ਅਈੱਥੇ ਬੈਜਂ ਅਈੱਠੀ ਵੈੇ ਗੇਰਵਾਰਸਾ ਦੇ ਗੇਟੇ ਗੇ ਵੇਰ,10.88,Bhai Ranjit Singh (Dhadrianwale),pa,Gurmukhi,https://www.youtube.com/watch?v=t6wXJUD4p40
data/clip_0041.wav,ਉਨੂਰੋਗਦੂ ਗ ਕੋਈ ਚੌਰੀ ਨਗਰੀਕਰਨ ਬੈਟਿਊੀਕਰਨ ਮਅਠਘਿੰਡੇ ਕਰ ਲਿਆਂਦਿਆਂ ਅਈੱਖੇ ਤੇ ਨੀ ਏਹਧਾ ਹੁਣ ਆਪਣੇ ਪਰ ਨੋਰਮਲ ਲਾਈਫ ਦੇ ਵਿੱਚ ਲੋਕ ਅਈਤਾ ਵੇਲੇ ਹੋ ਜਾਿਆ,11.71,Bhai Ranjit Singh (Dhadrianwale),pa,Gurmukhi,https://www.youtube.com/watch?v=t6wXJUD4p40
data/clip_0042.wav,ਤੇ ਵੇਲ ਲੇ ਹੋ ਕੇ ਪਰੇਸ਼ਾਨ ਲੈਣ ਾਗਖੋਸ਼ ੋਜੜਾ ਬੀਜੀ ਹੜਾ ਕੰਮ ਕਰਦਾ ੈ ਜਹਨੂੰ ਪਤਾ ਵੀ ਸਵੇਰੀ ਆਰਥਿਕ ਵਜੇ ਜਾਣਾ ਹੈ ਨੌ ਵਜੇ ਆ ਕੰਮ ਕਰਨਾ ਹੈ,9.49,Bhai Ranjit Singh (Dhadrianwale),pa,Gurmukhi,https://www.youtube.com/watch?v=t6wXJUD4p40
data/clip_0043.wav,ਤਿੰਨ ਵਜੇ ਦਰਾ ਕੰਮ ਕਰਨਾ ਹੈ ਇਈਦਾ ਘਰ ਕਿ ਆਇਆ ਉਹ ਖੋਸ ਆਪਣੀ ਜ਼ਿੰਦਗੀ ਿੱਚ ਇੱਕ ਤੇ ਕੰਮ ਕਰ ਗਾਲ ਖੁਸ਼ ਨ ਹੋਸ਼ੈਕਟੀਵੀੀ ਐੱਕ ਡੀਵਡੀਕਰਨੀ ਰਹੀ,8.36,Bhai Ranjit Singh (Dhadrianwale),pa,Gurmukhi,https://www.youtube.com/watch?v=t6wXJUD4p40
data/clip_0044.wav,ਘਰਤੇ ਰਹਿਣਾ ਕਰਤੇ ਰਹਿਣਾ ਫੇਰ ਆਪਾ ਆਪਲੈਕੇ ਪਰੀਵੇਲਾ ਹੋਵਾਂ ਲੋਕਡਾਨ ਵਿਚ ਬਿੱਲ ਲੇ ਸਲਈ ਵਜਨ ਲੇ ਕਿ ਗੇਜੀ ਦਸ,7.76,Bhai Ranjit Singh (Dhadrianwale),pa,Gurmukhi,https://www.youtube.com/watch?v=t6wXJUD4p40
data/clip_0045.wav,ਹੈਗੇ ਨੇ ਹੁਣ ਪਵਾ ਦੋ ਘੰਟੇ ਬੈਠਿਆ ਪੰਚੀ ਸਬਦਬਣਾ ਲਏ ਆ ਗਏਰਿਕੋਰਡ ਘਰਕੇ ਰੱਖ ਲੇ ਫਿਰ ਹੁਣ ਪ ਫੜਦਿਆਣਿ,9.08,Bhai Ranjit Singh (Dhadrianwale),pa,Gurmukhi,https://www.youtube.com/watch?v=t6wXJUD4p40
data/clip_0046.wav,ਯਾਦਖਾਰਦੇ ਸਮਝ ਆ ਗਿਆ ਕਰ ਲਿਆ ਕਰ ਹੋਈ ਨ ਹੋਈ ਲੰਭ ਲਿਆ ਹਰਲੋਭਾਈ ਭਾਈ ਉੱਲੇ ਪਾਣੀ ਪਾਉਣ ਲਗਝਬੂਟਿਆਂ ਦਿਆਂ ਤਦੋ ਘਿੰਡੇ ਲੰਗਗਿ,10.69,Bhai Ranjit Singh (Dhadrianwale),pa,Gurmukhi,https://www.youtube.com/watch?v=t6wXJUD4p40
data/clip_0047.wav,ਹਾਪੀ ਹੋ ਗਿਆ ਕਮ ਮੈਰਸੋਈ ਤ ਚਲਿਆ ਗਿਆ ਮੈਚੱਲੋਂ ਚੱਲੋਂ ਸਮਜੀ ਹਣਾਹਈ ਕਿਜਨ ਵਿੱਚ ਚਲੇਗੇ ਉੱਥੇ ਦੋ ਘੇਟੇ ਤੇ ਲੰਗਣ ਗਈ ਬਚੋਲੋ ਵਈ,8.97,Bhai Ranjit Singh (Dhadrianwale),pa,Gurmukhi,https://www.youtube.com/watch?v=t6wXJUD4p40
data/clip_0048.wav,ਚੋਪਨੀਰ ਤੱਲ ਲੋ ਆ ਕਰਨੋ ਆਹ ਬਣਾਉ ਨੋੰ ਆਹ ਬਨਾ ਨੋੰ ਤਦੋ ਘਿੰਡੇ ਪਾਸ ਹੋ ਗੋਟ,7.04,Bhai Ranjit Singh (Dhadrianwale),pa,Gurmukhi,https://www.youtube.com/watch?v=t6wXJUD4p40
data/clip_0049.wav,ਮਤਲਬ ਬਿਜੀ ਆਪਣੇ ਆਪ ਨੂੰ ਰੱਖਣਾ ਇੱਕ ਲੰਬਰ ਪਰ ਦੂਜੇ ਨੰਬਰ ਤੇ ਜਿੜਾ ਦੁੱਖਤਾ ੈ ਉਹ ਹੈ ਆਪਣੇ ਸ਼ਰੀਰ ਨੂੰ,9.32,Bhai Ranjit Singh (Dhadrianwale),pa,Gurmukhi,https://www.youtube.com/watch?v=t6wXJUD4p40
data/clip_0050.wav,ਜੇ ਮਾਨ ਦੀ ਸ਼ਾਸਤੀ ਜਾਉਣ ਦੇ ਆ ਤੇ ਸ਼ਰੀਰ ਨੂੰ ਪਰੇਸ਼ਾਰ ਨਹੀਂ ਹੋਰਦਾ ਹੈ ਇਹ ਮਹਨਿ ਟਰੱਖਣਾ,6.63,Bhai Ranjit Singh (Dhadrianwale),pa,Gurmukhi,https://www.youtube.com/watch?v=t6wXJUD4p40
data/clip_0051.wav,ਇਹ ਨੂੰ ਕੈਇਮ ਰੱਖਾ ਗਏ ਤੇ ਮਾਈਡ ਆਪਣੇ ਆ ਪਿਸ਼ਾਸਤ ਰ ਨਾ ਰਿਲੈਕਸ ਫਿਜੀਕਲ ਲੀ ਪ੍ਰੋਬਲਵ ਨੀ ਆਣ ਦੇਣੀ,8.8,Bhai Ranjit Singh (Dhadrianwale),pa,Gurmukhi,https://www.youtube.com/watch?v=t6wXJUD4p40
data/clip_0052.wav,ਹਦੇ ਤੇ ਬੇਟ ਨੀ ਬਧਣ ਲੇਣਾ ਮੈਂ ਇਸ ਵਿਸ਼ੇ ਤੇ ਇੱਕ ਦਿਨਾ ਵੈਂ ਦੋ ਘਿੰਟੇ ਪੂਰੇ ਇਲਾਣੇਂ ਦੇ ਸਿੇਹਤ ਦੇ ਮਸਨੇ ਤੇ,7.21,Bhai Ranjit Singh (Dhadrianwale),pa,Gurmukhi,https://www.youtube.com/watch?v=t6wXJUD4p40
data/clip_0053.wav,ਮੈਂ ਹਰਿ ਆਪ ਜਾਣਕਾਰੀ ਪੂਰੀ ਲੈ ਰਿਆਂ ਸਮਝ ੇ ਮੈਂ ਡਾਕਟਰ ਸਾਵ ਦੀਵੀਡ ਟਰਵਿਊ ਗਰਾਂਗਾ ਆਐਹਿ ਪਠਾਰ ੋੰ ਮੈਂ ਚੋੁਂੰਦਾਂ ਵੀ ਆਪਾਂ ਇੱਕ ਰਵਾਨ ਨੀ ਲਾਉਣਾ ਸਿਹਤ ਦੀ ਗੱਲਲੀ ਕਰਨਗੀ,11.53,Bhai Ranjit Singh (Dhadrianwale),pa,Gurmukhi,https://www.youtube.com/watch?v=t6wXJUD4p40
data/clip_0054.wav,ਡਾਕਟਰ ਸਾਬ ਨੂ ੈਬ ਬਠਾਰ ਕੇ ਕੱਲੀ ਕੱਲੀ ਚੀਵ ਚ ਸਮਝੀ ਵਿੱਚ ਸਭ ੋ ਸਮਝਆਈ,6.75,Bhai Ranjit Singh (Dhadrianwale),pa,Gurmukhi,https://www.youtube.com/watch?v=t6wXJUD4p40
data/clip_0055.wav,ਦੋ ਘੰਟੇ ਲਾਈ ਹ ਘੱਟ ਘੱਟ ੱ ਹਰਕ ਦੇ ਪੱਲੇ ਭੈਜ ਸਾਰੇ ਲਾਈਵ ਕਰਦੀ ਏ ਦਵਾਨ ਲਾਈ ਹ ਨਾ ਆਣ ਉਧਰ ਸੇਤ ਦਾ ਦਵਾਨੀ ਾਈ,10.53,Bhai Ranjit Singh (Dhadrianwale),pa,Gurmukhi,https://www.youtube.com/watch?v=t6wXJUD4p40
data/clip_0056.wav,ਮੇਰਾ ਮਾਰ ਕਰਦਾ ਕਰਾਗੇ ਆਪਾਂ ਪੰਦਰਾਂ ਕੇ ਦਿਨਾਂ ਦਿਨ ਚ ਕਰਦੇਆਂ ਪਰ ਮੈਂ ਜੀ ਗੱਲ ਕਰਤਾਂ ਮਨੂਡ ਘਰੇ ੋ,6.27,Bhai Ranjit Singh (Dhadrianwale),pa,Gurmukhi,https://www.youtube.com/watch?v=t6wXJUD4p40
data/clip_0057.wav,ਤੰਨ ਰੋਗੀ ੈ ਤੇ ਮਾਨ ਆਪਣੇ ਆਪ ਰੋਗੀ ਮਨਰੋਹਗੀ ਹੈ ਤੇ ਧੰਨ ਰੋਗੀ ਤਾ ਕਰਕੇ ੇ ਮਾਨਦੀ ਸ਼ਾਂਤੀ ਚਾਉਂਦੋਂ ਸੇਹਤ ਮੂੰ ਖਰਾਬ ਾਭਾਰੇ ਨਾ ਹੋਏ ਭਾਰੇ ਹੋੇ ਇਡੇਮੋਟੇ ਵਣਜੋਂਵੱਸਥਿਰ ਮਾਨ ਪਰੇਸ਼ਾਣ ਕਰਨ ਦੀ ਲੋੜ ਦੀ ਅਪੀਲ ਹਈ,15.11,Bhai Ranjit Singh (Dhadrianwale),pa,Gurmukhi,https://www.youtube.com/watch?v=t6wXJUD4p40
data/clip_0058.wav,ੁਸਤੀ ੋਬੁਰਾਹਾਲ ਹੋ ਜਾਣਾ ਫੀਜੀਗਲੀਵ ਅਪਸੈਾਮੈਂਟਲੀ ਵੀ ਅਸੀ ਪਸ,7.21,Bhai Ranjit Singh (Dhadrianwale),pa,Gurmukhi,https://www.youtube.com/watch?v=t6wXJUD4p40
data/clip_0059.wav,ਇਹ ਜਰੂਰੀ ਆਪਣੇ ਆਪ ਨੂੰ ਪਹੁੰਚਤੇ ਦਰੱਖ ਅਨਰਜੀ ਹੋ ਗਿੋ ਖੱਠਾਂ ਫੱਟ ਸਵੇਰੇ ਓਚੁਕੇ ਮਾੜਾ ਮੋਾ ਸ਼ਾਲਾ ਸ਼ੂਲਾ ਮਾਰ ਕਿ ਆਪਣੇ ਆਪ ਨੂੰ ਅਨਰਜੀ ਪਰਾ ਨਹੀਂ ਹੈ ਜੇ ਬੋਟੀ ਚੇ ਲ ਅਰਜੀ ਹੈ ਤੇ ਮਾਨਵੀ ਤਾਂ ਕੈਵਾਣਾ,14.02,Bhai Ranjit Singh (Dhadrianwale),pa,Gurmukhi,https://www.youtube.com/watch?v=t6wXJUD4p40
data/clip_0060.wav,ਨੋਟ ਕਰਕੇ ਵੇਖੀ ਦਾ ਏ ਸੀ ਜੱਲਤੇ ਹੈ ਇਸੀ,3.76,Bhai Ranjit Singh (Dhadrianwale),pa,Gurmukhi,https://www.youtube.com/watch?v=t6wXJUD4p40
