file_name,speaker_id,speaker_name,gender,transcription,normalized_text,duration_seconds,source
wavs/spk1_male_0001.wav,spk1_male_orator,Bhai Ranjit Singh,male,"ਤਨ ਤੇ ਮਨ ਦਾ ਗਹਿਰਾ ਸੰਬੰਧ ਹੈ। ਤਨ ਤੇ ਮਨ, ਇਹਨਾਂ ਦੋਵਾਂ ਦਾ ਗਹਿਰਾ ਸੰਬੰਧ ਹੈ, ਮੈਂ ਇਹ ਸਮਝਦਾ ਹਾਂ।","ਤਨ ਤੇ ਮਨ ਦਾ ਗਹਿਰਾ ਸੰਬੰਧ ਹੈ। ਤਨ ਤੇ ਮਨ, ਇਹਨਾਂ ਦੋਵਾਂ ਦਾ ਗਹਿਰਾ ਸੰਬੰਧ ਹੈ, ਮੈਂ ਇਹ ਸਮਝਦਾ ਹਾਂ।",10.96,https://www.youtube.com/watch?v=t6wXJUD4p40
wavs/spk1_male_0002.wav,spk1_male_orator,Bhai Ranjit Singh,male,"ਤੇ ਵਿਚਾਰ ਮਨ ਦਾ ਨਿਰਭਰ ਹੋਣਾ ਹੈ, ਦੋਵੇਂ ਇੱਕ ਨੇ। ਜੇ ਸਰੀਰ ਨਾ ਹੋਵੇ ਤੇ ਮਨ ਕਿੱਥੇ ਹੈ?","ਤੇ ਵਿਚਾਰ ਮਨ ਦਾ ਨਿਰਭਰ ਹੋਣਾ ਹੈ, ਦੋਵੇਂ ਇੱਕ ਨੇ। ਜੇ ਸਰੀਰ ਨਾ ਹੋਵੇ ਤੇ ਮਨ ਕਿੱਥੇ ਹੈ?",8.66,https://www.youtube.com/watch?v=t6wXJUD4p40
wavs/spk1_male_0003.wav,spk1_male_orator,Bhai Ranjit Singh,male,"ਹਣਾ, ਤੇ ਜੇ ਮਾਈਂਡ ਹੀ ਨਾ ਹੋਵੇ, ਮਨ ਨਾ ਹੋਵੇ... ਜਿਹਨੂੰ ਰਾਤ ਨੂੰ ਸਬ-ਕੌਂਸ਼ੀਅਸ ਮਾਈਂਡ ਕਹਿੰਦੇ ਨੇ, ਅਚੇਤ ਮਨ... ਬੋਡੀ ਨੂੰ ਤਾਂ ਉਹੀ ਚਲਾਉਂਦਾ ਹੈ। ਆਪਾਂ ਤਾਂ ਸੌਂ ਜਾਣਾ ਹੈ, ਪਰ ਸਾਹ ਵੀ ਚਲਾਉਂਦਾ, ਬਰੇਨ ਵੀ ਚਲਾਉਂਦਾ, ਸਭ ਕੁਝ ਅਚੇਤ ਮਨ ਚਲਾਉਂਦਾ। ਸਾਡਾ ਬਲੱਡ ਸਰਕੂਲੇਸ਼ਨ ਉਹਦੇ ਕੰਟਰੋਲ... ਮਾਈਂਡ ਦੇ ਦੋ ਰੂਪ ਨੇ।","ਹਣਾ, ਤੇ ਜੇ ਮਾਈਂਡ ਹੀ ਨਾ ਹੋਵੇ, ਮਨ ਨਾ ਹੋਵੇ... ਜਿਹਨੂੰ ਰਾਤ ਨੂੰ ਸਬ ਕੌਂਸ਼ੀਅਸ ਮਾਈਂਡ ਕਹਿੰਦੇ ਨੇ, ਅਚੇਤ ਮਨ... ਬੋਡੀ ਨੂੰ ਤਾਂ ਉਹੀ ਚਲਾਉਂਦਾ ਹੈ। ਆਪਾਂ ਤਾਂ ਸੌਂ ਜਾਣਾ ਹੈ, ਪਰ ਸਾਹ ਵੀ ਚਲਾਉਂਦਾ, ਬਰੇਨ ਵੀ ਚਲਾਉਂਦਾ, ਸਭ ਕੁਝ ਅਚੇਤ ਮਨ ਚਲਾਉਂਦਾ। ਸਾਡਾ ਬਲੱਡ ਸਰਕੂਲੇਸ਼ਨ ਉਹਦੇ ਕੰਟਰੋਲ... ਮਾਈਂਡ ਦੇ ਦੋ ਰੂਪ ਨੇ।",20.79,https://www.youtube.com/watch?v=t6wXJUD4p40
wavs/spk1_male_0004.wav,spk1_male_orator,Bhai Ranjit Singh,male,"ਇਹਦੇ ਇੱਕ ਸੁਚੇਤ, ਇੱਕ ਅਚੇਤ... ਜਿਹੜਾ ਸੁਚੇਤ ਹੈ ਇਹਨੇ ਸੌਂ ਜਾਣਾ ਹੈ ਰਾਤ ਨੂੰ, ਪਰ ਜਿਹੜਾ ਅਚੇਤ ਹੈ ਉਹ ਜਾਗਦਾ ਹੈ, ਉਹ ਬਲੱਡ ਸਰਕੂਲੇਸ਼ਨ ਚਲਾਉਂਦਾ ਹੈ।","ਇਹਦੇ ਇੱਕ ਸੁਚੇਤ, ਇੱਕ ਅਚੇਤ... ਜਿਹੜਾ ਸੁਚੇਤ ਹੈ ਇਹਨੇ ਸੌਂ ਜਾਣਾ ਹੈ ਰਾਤ ਨੂੰ, ਪਰ ਜਿਹੜਾ ਅਚੇਤ ਹੈ ਉਹ ਜਾਗਦਾ ਹੈ, ਉਹ ਬਲੱਡ ਸਰਕੂਲੇਸ਼ਨ ਚਲਾਉਂਦਾ ਹੈ।",11.59,https://www.youtube.com/watch?v=t6wXJUD4p40
wavs/spk1_male_0005.wav,spk1_male_orator,Bhai Ranjit Singh,male,"ਨੀਂਦ 'ਚ ਸੁੱਤਿਆਂ ਵੀ ਸਾਰੀ ਬੋਡੀ ਨੂੰ ਚਲਾਉਂਦਾ ਹੈ ਉਹ ਅਚੇਤ, ਜਿਹੜਾ ਜਾਗਦਾ ਹੈ। ਹੁਣ ਜੇ ਅਚੇਤ ਵੀ ਮਰ ਗਿਆ ਤੇ ਬੋਡੀ ਮਰ ਜਾਊਗੀ। ਇਹ ਦੋਵੇਂ ਇਕੱਠੇ ਨੇ ਇੱਕੋ ਵੇਲੇ।","ਨੀਂਦ 'ਚ ਸੁੱਤਿਆਂ ਵੀ ਸਾਰੀ ਬੋਡੀ ਨੂੰ ਚਲਾਉਂਦਾ ਹੈ ਉਹ ਅਚੇਤ, ਜਿਹੜਾ ਜਾਗਦਾ ਹੈ। ਹੁਣ ਜੇ ਅਚੇਤ ਵੀ ਮਰ ਗਿਆ ਤੇ ਬੋਡੀ ਮਰ ਜਾਊਗੀ। ਇਹ ਦੋਵੇਂ ਇਕੱਠੇ ਨੇ ਇੱਕੋ ਵੇਲੇ।",15.16,https://www.youtube.com/watch?v=t6wXJUD4p40
wavs/spk1_male_0006.wav,spk1_male_orator,Bhai Ranjit Singh,male,"ਹੁਣ ਇੱਕ ਚੇਤੇ ਰੱਖਿਓ, ਇਹਨਾਂ ਦੋਵਾਂ ਵਿੱਚੋਂ ਇੱਕ ਵੀ ਰੋਗੀ ਹੋ ਜਾਂਦਾ ਹੈ, ਦੂਜਾ ਨਾਲ ਹੀ ਰੋਗੀ ਹੋ ਜਾਂਦਾ ਹੈ।","ਹੁਣ ਇੱਕ ਚੇਤੇ ਰੱਖਿਓ, ਇਹਨਾਂ ਦੋਵਾਂ ਵਿੱਚੋਂ ਇੱਕ ਵੀ ਰੋਗੀ ਹੋ ਜਾਂਦਾ ਹੈ, ਦੂਜਾ ਨਾਲ ਹੀ ਰੋਗੀ ਹੋ ਜਾਂਦਾ ਹੈ।",8.8,https://www.youtube.com/watch?v=t6wXJUD4p40
wavs/spk1_male_0007.wav,spk1_male_orator,Bhai Ranjit Singh,male,"ਦੋਵਾਂ 'ਚੋਂ ਇੱਕ ਨੂੰ ਖ਼ਰਾਬ ਕਰ ਲਓ, ਦੂਜਾ ਆਪੇ ਖ਼ਰਾਬ ਹੋ ਜਾਣਾ ਹੈ।","ਦੋਵਾਂ 'ਚੋਂ ਇੱਕ ਨੂੰ ਖ਼ਰਾਬ ਕਰ ਲਓ, ਦੂਜਾ ਆਪੇ ਖ਼ਰਾਬ ਹੋ ਜਾਣਾ ਹੈ।",3.64,https://www.youtube.com/watch?v=t6wXJUD4p40
wavs/spk1_male_0008.wav,spk1_male_orator,Bhai Ranjit Singh,male,"ਰਲ ਕੇ ਕੰਮ ਕਰਦੇ ਨੇ ਇਹ। ਸਾਡਾ ਮਨ, ਮਾਈਂਡ ਤੇ ਸਾਡਾ ਤਨ, ਨਾਲ-ਨਾਲ ਨੇ ਇੱਕ ਦੂਜੇ ਦੇ।","ਰਲ ਕੇ ਕੰਮ ਕਰਦੇ ਨੇ ਇਹ। ਸਾਡਾ ਮਨ, ਮਾਈਂਡ ਤੇ ਸਾਡਾ ਤਨ, ਨਾਲ ਨਾਲ ਨੇ ਇੱਕ ਦੂਜੇ ਦੇ।",9.94,https://www.youtube.com/watch?v=t6wXJUD4p40
wavs/spk1_male_0009.wav,spk1_male_orator,Bhai Ranjit Singh,male,"ਇੱਕ ਨਿਰਗੁਣ ਹੈ ਜਿਹੜਾ ਦਿੱਸਦਾ ਨਹੀਂ, ਇੱਕ ਸਰਗੁਣ ਹੈ ਜਿਹੜਾ ਦਿੱਸਦਾ ਹੈ, ਇੱਕੋ ਹੀ ਪਾਰਟ ਨੇ।","ਇੱਕ ਨਿਰਗੁਣ ਹੈ ਜਿਹੜਾ ਦਿੱਸਦਾ ਨਹੀਂ, ਇੱਕ ਸਰਗੁਣ ਹੈ ਜਿਹੜਾ ਦਿੱਸਦਾ ਹੈ, ਇੱਕੋ ਹੀ ਪਾਰਟ ਨੇ।",6.41,https://www.youtube.com/watch?v=t6wXJUD4p40
wavs/spk1_male_0010.wav,spk1_male_orator,Bhai Ranjit Singh,male,"ਠੀਕ ਹੈ? ਹੁਣ ਇੱਕ ਖ਼ਰਾਬ ਹੋ ਗਿਆ ਮਨ... ਜੇ ਮੇਰਾ ਮਨ ਪਰੇਸ਼ਾਨ ਹੈ, ਇਹਨੂੰ ਸਟ੍ਰੈੱਸ ਪੈ ਗਈ ਵੱਡੀ ਸਾਰੀ...","ਠੀਕ ਹੈ? ਹੁਣ ਇੱਕ ਖ਼ਰਾਬ ਹੋ ਗਿਆ ਮਨ... ਜੇ ਮੇਰਾ ਮਨ ਪਰੇਸ਼ਾਨ ਹੈ, ਇਹਨੂੰ ਸਟ੍ਰੈੱਸ ਪੈ ਗਈ ਵੱਡੀ ਸਾਰੀ...",8.71,https://www.youtube.com/watch?v=t6wXJUD4p40
wavs/spk1_male_0011.wav,spk1_male_orator,Bhai Ranjit Singh,male,ਤੇ ਤਨ ਵਿੱਚ ਪੀੜਾਂ ਆਪਣੇ-ਆਪ ਸ਼ੁਰੂ ਹੋ ਜਾਣਗੀਆਂ।,ਤੇ ਤਨ ਵਿੱਚ ਪੀੜਾਂ ਆਪਣੇ ਆਪ ਸ਼ੁਰੂ ਹੋ ਜਾਣਗੀਆਂ।,4.48,https://www.youtube.com/watch?v=t6wXJUD4p40
wavs/spk1_male_0012.wav,spk1_male_orator,Bhai Ranjit Singh,male,"ਭੁੱਖ ਲੱਗਣੀ ਆਪਣੇ-ਆਪ ਹਟ ਜਾਣੀ, ਦਿਲ ਕੱਚਾ ਜਿਹਾ ਹੋਣਾ ਹੈ, ਸੁਸਤੀ ਜਿਹੀ ਪੈ ਜਾਣੀ, ਨੀਂਦ ਆਈ ਜਾਣੀ ਹੈ... ਲੱਤਾਂ ਵੀ ਦੁਖੀ ਜਾਣੀਆਂ ਨੇ ਵਿੱਚ।","ਭੁੱਖ ਲੱਗਣੀ ਆਪਣੇ ਆਪ ਹਟ ਜਾਣੀ, ਦਿਲ ਕੱਚਾ ਜਿਹਾ ਹੋਣਾ ਹੈ, ਸੁਸਤੀ ਜਿਹੀ ਪੈ ਜਾਣੀ, ਨੀਂਦ ਆਈ ਜਾਣੀ ਹੈ... ਲੱਤਾਂ ਵੀ ਦੁਖੀ ਜਾਣੀਆਂ ਨੇ ਵਿੱਚ।",11.69,https://www.youtube.com/watch?v=t6wXJUD4p40
wavs/spk1_male_0013.wav,spk1_male_orator,Bhai Ranjit Singh,male,"ਪਰੇਸ਼ਾਨ ਹੋ ਜਾਣੀ ਹੈ ਬੋਡੀ, ਕਿਉਂਕਿ ਸਾਡਾ ਰੋਗੀ ਕੀ ਹੈ? ਮਨ ਹੋ ਗਿਆ। ਹੁਣ ਆ ਜਾਓ ਦੂਜੇ ਪਾਸੇ, ਜੇ ਤਨ ਰੋਗੀ ਹੋਵੇ...","ਪਰੇਸ਼ਾਨ ਹੋ ਜਾਣੀ ਹੈ ਬੋਡੀ, ਕਿਉਂਕਿ ਸਾਡਾ ਰੋਗੀ ਕੀ ਹੈ? ਮਨ ਹੋ ਗਿਆ। ਹੁਣ ਆ ਜਾਓ ਦੂਜੇ ਪਾਸੇ, ਜੇ ਤਨ ਰੋਗੀ ਹੋਵੇ...",11.16,https://www.youtube.com/watch?v=t6wXJUD4p40
wavs/spk1_male_0014.wav,spk1_male_orator,Bhai Ranjit Singh,male,"ਤਨ ਰੋਗੀ ਹੋਵੇ, ਪਰੇਸ਼ਾਨ ਹੋਵੇ... ਮੰਨ ਲਓ ਵੀ ਪਿੱਤੇ ਵਿੱਚ ਪੱਥਰੀ ਹੈ ਤੇ ਦਰਦ ਹੋ ਰਿਹਾ ਹੈ।","ਤਨ ਰੋਗੀ ਹੋਵੇ, ਪਰੇਸ਼ਾਨ ਹੋਵੇ... ਮੰਨ ਲਓ ਵੀ ਪਿੱਤੇ ਵਿੱਚ ਪੱਥਰੀ ਹੈ ਤੇ ਦਰਦ ਹੋ ਰਿਹਾ ਹੈ।",6.86,https://www.youtube.com/watch?v=t6wXJUD4p40
wavs/spk1_male_0015.wav,spk1_male_orator,Bhai Ranjit Singh,male,"ਦੇਖੋ ਕਿੱਡਾ ਭੈੜਾ ਦਰਦ ਹੈ... ਜਾੜ੍ਹ ਦਾ ਦਰਦ ਭੈੜਾ ਹੈ ਨਾ? ਕੰਨ ਦਾ ਦਰਦ ਭੈੜਾ ਹੈ, ਅੱਖ ਦਾ ਦਰਦ...","ਦੇਖੋ ਕਿੱਡਾ ਭੈੜਾ ਦਰਦ ਹੈ... ਜਾੜ੍ਹ ਦਾ ਦਰਦ ਭੈੜਾ ਹੈ ਨਾ? ਕੰਨ ਦਾ ਦਰਦ ਭੈੜਾ ਹੈ, ਅੱਖ ਦਾ ਦਰਦ...",9.57,https://www.youtube.com/watch?v=t6wXJUD4p40
wavs/spk1_male_0016.wav,spk1_male_orator,Bhai Ranjit Singh,male,"ਭੈੜਾ ਹੈ... ਕੰਨ 'ਚ ਚੀਸਾਂ ਪੈਂਦੀਆਂ ਨੇ ਚੀਸਾਂ! ਇਹ ਤਨ ਦਾ ਰੋਗ ਹੈ, ਅੱਛਾ ਹੁਣ ਕਹੋ ਵੀ ਮਨ ਖ਼ੁਸ਼ ਰਹਿ ਜਾਵੇ?","ਭੈੜਾ ਹੈ... ਕੰਨ 'ਚ ਚੀਸਾਂ ਪੈਂਦੀਆਂ ਨੇ ਚੀਸਾਂ! ਇਹ ਤਨ ਦਾ ਰੋਗ ਹੈ, ਅੱਛਾ ਹੁਣ ਕਹੋ ਵੀ ਮਨ ਖ਼ੁਸ਼ ਰਹਿ ਜਾਵੇ?",9.4,https://www.youtube.com/watch?v=t6wXJUD4p40
wavs/spk1_male_0017.wav,spk1_male_orator,Bhai Ranjit Singh,male,ਇੱਕ ਚੀਸ ਪੈਂਦੀ ਹੈ ਤੇ ਮਨ ਪਰੇਸ਼ਾਨ ਹੋ ਗਿਆ। ਤਨ ਦਾ ਸਿੱਧਾ ਅਸਰ ਕਾਹਦੇ 'ਤੇ ਹੈ? ਮਨ 'ਤੇ।,ਇੱਕ ਚੀਸ ਪੈਂਦੀ ਹੈ ਤੇ ਮਨ ਪਰੇਸ਼ਾਨ ਹੋ ਗਿਆ। ਤਨ ਦਾ ਸਿੱਧਾ ਅਸਰ ਕਾਹਦੇ 'ਤੇ ਹੈ? ਮਨ 'ਤੇ।,6.67,https://www.youtube.com/watch?v=t6wXJUD4p40
wavs/spk1_male_0018.wav,spk1_male_orator,Bhai Ranjit Singh,male,"ਪਿੱਤੇ ਵਿੱਚ ਪੱਥਰੀ ਦਾ ਦਰਦ ਛਿੜ ਪਿਆ, ਹੁਣ ਕਹੋ ਵੀ ਰਿਲੈਕਸ ਰਹੇ... ਪੱਥਰੀ ਦੀਆਂ ਚੀਸਾਂ ਪੈਂਦੀਆਂ ਨੇ ਯਾਰ, ਉੱਥੇ ਕਿੱਥੇ ਮਨ ਸ਼ਾਂਤ ਰਹਿ ਜਾਵੇ?","ਪਿੱਤੇ ਵਿੱਚ ਪੱਥਰੀ ਦਾ ਦਰਦ ਛਿੜ ਪਿਆ, ਹੁਣ ਕਹੋ ਵੀ ਰਿਲੈਕਸ ਰਹੇ... ਪੱਥਰੀ ਦੀਆਂ ਚੀਸਾਂ ਪੈਂਦੀਆਂ ਨੇ ਯਾਰ, ਉੱਥੇ ਕਿੱਥੇ ਮਨ ਸ਼ਾਂਤ ਰਹਿ ਜਾਵੇ?",8.57,https://www.youtube.com/watch?v=t6wXJUD4p40
wavs/spk1_male_0019.wav,spk1_male_orator,Bhai Ranjit Singh,male,ਇਹ ਤਾਂ ਹੈ ਹੀ... ਹੁਣ ਤਨ ਰੋਗੀ ਹੋਏਗਾ ਤੇ ਮਨ ਆਟੋਮੈਟਿਕ ਹੀ ਰੋਗੀ ਹੋਵੇਗਾ।,ਇਹ ਤਾਂ ਹੈ ਹੀ... ਹੁਣ ਤਨ ਰੋਗੀ ਹੋਏਗਾ ਤੇ ਮਨ ਆਟੋਮੈਟਿਕ ਹੀ ਰੋਗੀ ਹੋਵੇਗਾ।,9.28,https://www.youtube.com/watch?v=t6wXJUD4p40
wavs/spk1_male_0020.wav,spk1_male_orator,Bhai Ranjit Singh,male,"ਤੇ ਜੇ ਮਨ ਰੋਗੀ ਹੈ, ਮਨ 'ਤੇ ਕੋਈ ਅਸਰ ਹੈ, ਤੇ ਸਰੀਰ ਆਪਣੇ-ਆਪ ਹੀ ਰੋਗੀ... ਕਿਉਂਕਿ ਇੱਕ ਨੇ, ਦੋਵੇਂ ਇਕੱਠੇ ਨੇ। ਹੁਣ ਨੋਟ ਕਰਨ ਵਾਲੀ ਗੱਲ ਇਹ ਹੈ...","ਤੇ ਜੇ ਮਨ ਰੋਗੀ ਹੈ, ਮਨ 'ਤੇ ਕੋਈ ਅਸਰ ਹੈ, ਤੇ ਸਰੀਰ ਆਪਣੇ ਆਪ ਹੀ ਰੋਗੀ... ਕਿਉਂਕਿ ਇੱਕ ਨੇ, ਦੋਵੇਂ ਇਕੱਠੇ ਨੇ। ਹੁਣ ਨੋਟ ਕਰਨ ਵਾਲੀ ਗੱਲ ਇਹ ਹੈ...",11.61,https://www.youtube.com/watch?v=t6wXJUD4p40
wavs/spk1_male_0021.wav,spk1_male_orator,Bhai Ranjit Singh,male,"ਜੇ ਸਰੀਰ ਦਾ ਧਿਆਨ ਨਾ ਰੱਖਿਆ, ਕੋਈ ਫ਼ਿਜ਼ੀਕਲ ਐਕਟੀਵਿਟੀ ਹੋਈ ਨਾ, ਭੱਜੇ ਨਾ...","ਜੇ ਸਰੀਰ ਦਾ ਧਿਆਨ ਨਾ ਰੱਖਿਆ, ਕੋਈ ਫ਼ਿਜ਼ੀਕਲ ਐਕਟੀਵਿਟੀ ਹੋਈ ਨਾ, ਭੱਜੇ ਨਾ...",9.87,https://www.youtube.com/watch?v=t6wXJUD4p40
wavs/spk1_male_0022.wav,spk1_male_orator,Bhai Ranjit Singh,male,"ਸੈਰ ਕੀਤੀ ਨਾ, ਐਕਸਰਸਾਈਜ਼ ਨਾ ਕੀਤੀ, ਮੋਟਾਪਾ ਵਧਾ ਲਿਆ, ਸਰੀਰ ਫੁੱਲ ਗਿਆ...","ਸੈਰ ਕੀਤੀ ਨਾ, ਐਕਸਰਸਾਈਜ਼ ਨਾ ਕੀਤੀ, ਮੋਟਾਪਾ ਵਧਾ ਲਿਆ, ਸਰੀਰ ਫੁੱਲ ਗਿਆ...",9.7,https://www.youtube.com/watch?v=t6wXJUD4p40
wavs/spk1_male_0023.wav,spk1_male_orator,Bhai Ranjit Singh,male,"ਮਤਲਬ ਮੇਰਾ ਵੇਟ ਚਾਹੀਦਾ 65 ਕਿੱਲੋ, ਸਿਕਸਟੀ-ਫ਼ਾਈਵ, ਤੇ ਮੈਂ ਕਰ ਲਿਆ ਪਚਾਸੀ (85)।","ਮਤਲਬ ਮੇਰਾ ਵੇਟ ਚਾਹੀਦਾ ਪੈਂਹਠ ਕਿੱਲੋ, ਸਿਕਸਟੀ ਫ਼ਾਈਵ, ਤੇ ਮੈਂ ਕਰ ਲਿਆ ਪਚਾਸੀ (ਪਚਾਸੀ)।",6.68,https://www.youtube.com/watch?v=t6wXJUD4p40
wavs/spk1_male_0024.wav,spk1_male_orator,Bhai Ranjit Singh,male,"ਤੇ 20 ਕਿੱਲੋ ਮੈਂ ਵੇਟ ਚੱਕ ਲਿਆ ਆਪਣੇ ਸਰੀਰ 'ਤੇ ਵੱਧ! 20 ਕਿੱਲੋ ਸਮਝ ਲਓ... 20 ਕਿੱਲੋ ਦਾ ਬੱਚਾ ਜਿਹਾ ਉੱਤੇ ਚੁੱਕੀ ਫਿਰਦਾ ਹਾਂ, ਇੱਕ 20 ਕਿੱਲੋ ਮੇਰੇ ਉੱਤੇ ਹੈ।","ਤੇ ਵੀਹ ਕਿੱਲੋ ਮੈਂ ਵੇਟ ਚੱਕ ਲਿਆ ਆਪਣੇ ਸਰੀਰ 'ਤੇ ਵੱਧ! ਵੀਹ ਕਿੱਲੋ ਸਮਝ ਲਓ... ਵੀਹ ਕਿੱਲੋ ਦਾ ਬੱਚਾ ਜਿਹਾ ਉੱਤੇ ਚੁੱਕੀ ਫਿਰਦਾ ਹਾਂ, ਇੱਕ ਵੀਹ ਕਿੱਲੋ ਮੇਰੇ ਉੱਤੇ ਹੈ।",11.87,https://www.youtube.com/watch?v=t6wXJUD4p40
wavs/spk1_male_0025.wav,spk1_male_orator,Bhai Ranjit Singh,male,ਐਨਾ ਭਾਰ ਮੈਂ ਆਪਣੇ ਉੱਤੇ ਚੱਕ ਲਿਆ।,ਐਨਾ ਭਾਰ ਮੈਂ ਆਪਣੇ ਉੱਤੇ ਚੱਕ ਲਿਆ।,3.62,https://www.youtube.com/watch?v=t6wXJUD4p40
wavs/spk1_male_0026.wav,spk1_male_orator,Bhai Ranjit Singh,male,"ਸੋਚ ਕੇ ਵੇਖੋ, ਜਦੋਂ ਮੈਂ ਉਹਨੂੰ ਚੁੱਕੀ ਫਿਰਦਾ ਹਾਂ... ਮੈਂ ਸੌਣਾ ਹੈ, ਪੈਣਾ ਹੈ, ਖੜ੍ਹਨਾ ਹੈ, ਗੋਡਿਆਂ 'ਚ ਦਰਦ ਹੋਣੀ ਹੈ, ਮਾੜੀ ਜਿਹੀ ਚੀਜ਼ ਵੀ ਨਹੀਂ...","ਸੋਚ ਕੇ ਵੇਖੋ, ਜਦੋਂ ਮੈਂ ਉਹਨੂੰ ਚੁੱਕੀ ਫਿਰਦਾ ਹਾਂ... ਮੈਂ ਸੌਣਾ ਹੈ, ਪੈਣਾ ਹੈ, ਖੜ੍ਹਨਾ ਹੈ, ਗੋਡਿਆਂ 'ਚ ਦਰਦ ਹੋਣੀ ਹੈ, ਮਾੜੀ ਜਿਹੀ ਚੀਜ਼ ਵੀ ਨਹੀਂ...",8.87,https://www.youtube.com/watch?v=t6wXJUD4p40
wavs/spk1_male_0027.wav,spk1_male_orator,Bhai Ranjit Singh,male,"ਸੈੱਟ ਹੋ ਸਕਣੀ... ਕਦੇ ਮੂੰਹ ਉੱਤੇ ਸੋਜਿਸ਼ ਆ ਜਾਣੀ, ਕਦੇ ਕੁਝ ਹੋ ਜਾਣਾ। ਹੁਣ ਮੇਰਾ ਤਨ ਰੋਗੀ ਰਹਿੰਦਾ ਹੈ, ਇਹਦੇ ਨਾਲ ਮੇਰਾ ਮਨ ਵੀ ਰੋਗੀ ਰਹਿਣ ਲੱਗ ਜਾਂਦਾ ਹੈ।","ਸੈੱਟ ਹੋ ਸਕਣੀ... ਕਦੇ ਮੂੰਹ ਉੱਤੇ ਸੋਜਿਸ਼ ਆ ਜਾਣੀ, ਕਦੇ ਕੁਝ ਹੋ ਜਾਣਾ। ਹੁਣ ਮੇਰਾ ਤਨ ਰੋਗੀ ਰਹਿੰਦਾ ਹੈ, ਇਹਦੇ ਨਾਲ ਮੇਰਾ ਮਨ ਵੀ ਰੋਗੀ ਰਹਿਣ ਲੱਗ ਜਾਂਦਾ ਹੈ।",10.61,https://www.youtube.com/watch?v=t6wXJUD4p40
wavs/spk1_male_0028.wav,spk1_male_orator,Bhai Ranjit Singh,male,ਮੇਰੇ ਮਨ 'ਤੇ ਉਹਦਾ ਅਸਰ ਹੋ ਰਿਹਾ ਹੈ ਲਗਾਤਾਰ।,ਮੇਰੇ ਮਨ 'ਤੇ ਉਹਦਾ ਅਸਰ ਹੋ ਰਿਹਾ ਹੈ ਲਗਾਤਾਰ।,3.15,https://www.youtube.com/watch?v=t6wXJUD4p40
wavs/spk1_male_0029.wav,spk1_male_orator,Bhai Ranjit Singh,male,"ਪਰੇਸ਼ਾਨੀ ਹੋ ਗਈ ਨਾ? ਸਭ ਤੋਂ ਵੱਧ ਜੇ ਮਨ ਨੂੰ ਸ਼ਾਂਤ ਕਰਨਾ ਚਾਹੁੰਦੇ ਹੋ, ਨੁਕਤੇ ਨੇ ਇਹ। ਪਹਿਲਾ ਨੁਕਤਾ ਕੰਮ ਕਰੇਗਾ...","ਪਰੇਸ਼ਾਨੀ ਹੋ ਗਈ ਨਾ? ਸਭ ਤੋਂ ਵੱਧ ਜੇ ਮਨ ਨੂੰ ਸ਼ਾਂਤ ਕਰਨਾ ਚਾਹੁੰਦੇ ਹੋ, ਨੁਕਤੇ ਨੇ ਇਹ। ਪਹਿਲਾ ਨੁਕਤਾ ਕੰਮ ਕਰੇਗਾ...",10.9,https://www.youtube.com/watch?v=t6wXJUD4p40
wavs/spk1_male_0030.wav,spk1_male_orator,Bhai Ranjit Singh,male,"ਆਪਣੀਆਂ-ਆਪਣੀਆਂ ਜ਼ਿੰਮੇਵਾਰੀਆਂ ਨੂੰ ਪੂਰੀ ਰੀਝ ਨਾਲ ਨਿਭਾਓ, ਆਪਣੇ ਆਪ ਨੂੰ ਬਿਜ਼ੀ ਰੱਖਣਾ ਪਹਿਲਾ ਨੁਕਤਾ ਇਹੀ ਹੈ।","ਆਪਣੀਆਂ ਆਪਣੀਆਂ ਜ਼ਿੰਮੇਵਾਰੀਆਂ ਨੂੰ ਪੂਰੀ ਰੀਝ ਨਾਲ ਨਿਭਾਓ, ਆਪਣੇ ਆਪ ਨੂੰ ਬਿਜ਼ੀ ਰੱਖਣਾ ਪਹਿਲਾ ਨੁਕਤਾ ਇਹੀ ਹੈ।",9.39,https://www.youtube.com/watch?v=t6wXJUD4p40
wavs/spk1_male_0031.wav,spk1_male_orator,Bhai Ranjit Singh,male,ਕੰਮ ਕਰਦਾ ਹੈ ਇਹ... ਇਹਨੂੰ ਮੈਂ ਥੋੜ੍ਹਾ ਜਿਹਾ ਹੋਰ ਖੋਲ੍ਹ ਦਿੰਦਾ ਹਾਂ ਆਪਣੇ 'ਚੋਂ ਕਿਸੇ ਵੀ ਬੰਦੇ ਨੂੰ।,ਕੰਮ ਕਰਦਾ ਹੈ ਇਹ... ਇਹਨੂੰ ਮੈਂ ਥੋੜ੍ਹਾ ਜਿਹਾ ਹੋਰ ਖੋਲ੍ਹ ਦਿੰਦਾ ਹਾਂ ਆਪਣੇ 'ਚੋਂ ਕਿਸੇ ਵੀ ਬੰਦੇ ਨੂੰ।,5.43,https://www.youtube.com/watch?v=t6wXJUD4p40
wavs/spk1_male_0032.wav,spk1_male_orator,Bhai Ranjit Singh,male,"ਆਪਣੇ 'ਚੋਂ ਕਿਸੇ ਵੀ ਬੰਦੇ ਨੂੰ ਅੱਜ ਮੈਂ ਲਿਖ ਕੇ ਦੇਣ ਨੂੰ ਤਿਆਰ ਹਾਂ, ਲੱਖ ਰੁਪਈਆ ਮਹੀਨਾ ਦਈ ਜਾਓ ਤੇ ਉਹਨੂੰ ਇਹ ਕਹਿ ਦਿਓ ਵੀ ਕੋਈ ਕੰਮ ਨਹੀਂ ਤੇਰੇ ਕੋਲ, ਕੋਈ ਵੀ ਕੰਮ ਨਹੀਂ ਹੈ।","ਆਪਣੇ 'ਚੋਂ ਕਿਸੇ ਵੀ ਬੰਦੇ ਨੂੰ ਅੱਜ ਮੈਂ ਲਿਖ ਕੇ ਦੇਣ ਨੂੰ ਤਿਆਰ ਹਾਂ, ਲੱਖ ਰੁਪਈਆ ਮਹੀਨਾ ਦਈ ਜਾਓ ਤੇ ਉਹਨੂੰ ਇਹ ਕਹਿ ਦਿਓ ਵੀ ਕੋਈ ਕੰਮ ਨਹੀਂ ਤੇਰੇ ਕੋਲ, ਕੋਈ ਵੀ ਕੰਮ ਨਹੀਂ ਹੈ।",13.84,https://www.youtube.com/watch?v=t6wXJUD4p40
wavs/spk1_male_0033.wav,spk1_male_orator,Bhai Ranjit Singh,male,ਡਿਊਟੀ ਕੋਈ ਨਹੀਂ... ਸਾਡੇ ਪ੍ਰਮੇਸ਼ਰ ਦੁਆਰ ਵਿੱਚ ਜੇ ਕੋਈ ਦੁਖੀ ਹੋਏਗਾ ਤਾਂ ਸਭ ਤੋਂ ਵੱਧ ਉਹ ਦੁਖੀ ਹੋਵੇਗਾ।,ਡਿਊਟੀ ਕੋਈ ਨਹੀਂ... ਸਾਡੇ ਪ੍ਰਮੇਸ਼ਰ ਦੁਆਰ ਵਿੱਚ ਜੇ ਕੋਈ ਦੁਖੀ ਹੋਏਗਾ ਤਾਂ ਸਭ ਤੋਂ ਵੱਧ ਉਹ ਦੁਖੀ ਹੋਵੇਗਾ।,9.34,https://www.youtube.com/watch?v=t6wXJUD4p40
wavs/spk1_male_0034.wav,spk1_male_orator,Bhai Ranjit Singh,male,"ਬਾਕੀਆਂ ਦੀ ਤਨਖ਼ਾਹ ਭਾਵੇਂ 10 ਹਜ਼ਾਰ ਹੋਵੇ, ਉਹਨੂੰ ਦੇ ਦਿਓ ਲੱਖ ਤੇ ਨਾਲ ਵੇਹਲਾ ਕਰ ਦਿਓ, ਕੋਈ ਕੰਮ ਨਾ ਹੋਵੇ।","ਬਾਕੀਆਂ ਦੀ ਤਨਖ਼ਾਹ ਭਾਵੇਂ ਦਸ ਹਜ਼ਾਰ ਹੋਵੇ, ਉਹਨੂੰ ਦੇ ਦਿਓ ਲੱਖ ਤੇ ਨਾਲ ਵੇਹਲਾ ਕਰ ਦਿਓ, ਕੋਈ ਕੰਮ ਨਾ ਹੋਵੇ।",5.78,https://www.youtube.com/watch?v=t6wXJUD4p40
wavs/spk1_male_0035.wav,spk1_male_orator,Bhai Ranjit Singh,male,"ਸਭ ਤੋਂ ਵੱਧ ਉਹ ਬੰਦਾ ਦੁਖੀ ਹੈ। ਜਦੋਂ ਕਿਸੇ ਬੰਦੇ ਦਾ ਸੱਤਿਆਨਾਸ ਕਰਨਾ ਹੋਵੇ, ਉਹਨੂੰ ਵੇਹਲਾ ਕਰ ਦਿਓ।","ਸਭ ਤੋਂ ਵੱਧ ਉਹ ਬੰਦਾ ਦੁਖੀ ਹੈ। ਜਦੋਂ ਕਿਸੇ ਬੰਦੇ ਦਾ ਸੱਤਿਆਨਾਸ ਕਰਨਾ ਹੋਵੇ, ਉਹਨੂੰ ਵੇਹਲਾ ਕਰ ਦਿਓ।",10.42,https://www.youtube.com/watch?v=t6wXJUD4p40
wavs/spk1_male_0036.wav,spk1_male_orator,Bhai Ranjit Singh,male,"ਉਹਦੀਆਂ ਸਾਰੀਆਂ ਡਿਊਟੀਆਂ ਖ਼ਤਮ ਕਰ ਦਿਓ, ਉਹਨੂੰ ਲੱਖ ਰੁਪਈਆ ਜਿਊਂਦੇ ਜੀਅ ਵੜਦਾ ਦਿਓ, ਕਿਉਂਕਿ ਉਹਦੀ ਐਕਟੀਵਿਟੀ ਮੁੱਕ ਜਾਵੇਗੀ।","ਉਹਦੀਆਂ ਸਾਰੀਆਂ ਡਿਊਟੀਆਂ ਖ਼ਤਮ ਕਰ ਦਿਓ, ਉਹਨੂੰ ਲੱਖ ਰੁਪਈਆ ਜਿਊਂਦੇ ਜੀਅ ਵੜਦਾ ਦਿਓ, ਕਿਉਂਕਿ ਉਹਦੀ ਐਕਟੀਵਿਟੀ ਮੁੱਕ ਜਾਵੇਗੀ।",11.16,https://www.youtube.com/watch?v=t6wXJUD4p40
wavs/spk1_male_0037.wav,spk1_male_orator,Bhai Ranjit Singh,male,"ਉਹ ਨੈਗੇਟਿਵਿਟੀ ਵਿੱਚ ਘਿਰ ਜਾਵੇਗਾ, ਉਹਨੂੰ ਆਪਣੇ ਆਪ ਹੀ ਲੱਗਦਾ ਹੈ... ਨੈਗੇਟਿਵਿਟੀ ਵਧ ਜਾਣੀ ਕਿਉਂਕਿ ਕੰਮ ਨਹੀਂ ਕਰਦਾ।","ਉਹ ਨੈਗੇਟਿਵਿਟੀ ਵਿੱਚ ਘਿਰ ਜਾਵੇਗਾ, ਉਹਨੂੰ ਆਪਣੇ ਆਪ ਹੀ ਲੱਗਦਾ ਹੈ... ਨੈਗੇਟਿਵਿਟੀ ਵਧ ਜਾਣੀ ਕਿਉਂਕਿ ਕੰਮ ਨਹੀਂ ਕਰਦਾ।",11.6,https://www.youtube.com/watch?v=t6wXJUD4p40
wavs/spk1_male_0038.wav,spk1_male_orator,Bhai Ranjit Singh,male,"ਸਾਡੇ ਪ੍ਰਮੇਸ਼ਰ ਦੁਆਰ ਵਿੱਚ ਜੇ ਕਿਸੇ ਨੂੰ ਕਹਿ ਦਿਓ ਫਲਾਣੇ ਨੂੰ ਵੇਹਲਾ ਕਰਨਾ ਹੈ, ਐਦਾਂ ਨਹੀਂ ਹੋਣਾ।","ਸਾਡੇ ਪ੍ਰਮੇਸ਼ਰ ਦੁਆਰ ਵਿੱਚ ਜੇ ਕਿਸੇ ਨੂੰ ਕਹਿ ਦਿਓ ਫਲਾਣੇ ਨੂੰ ਵੇਹਲਾ ਕਰਨਾ ਹੈ, ਐਦਾਂ ਨਹੀਂ ਹੋਣਾ।",7.25,https://www.youtube.com/watch?v=t6wXJUD4p40
wavs/spk1_male_0039.wav,spk1_male_orator,Bhai Ranjit Singh,male,"ਇੱਥੇ ਕੋਈ ਬੰਦਾ ਵੇਹਲਾ ਰਹਿ ਨਹੀਂ ਸਕਦਾ, ਉਹਨੂੰ ਕਹਿ ਦੇਵੋ ਵੇਹਲਾ ਕਰ ਦਿੱਤਾ, ਉਹ ਬਾਲਟੀ ਚੁੱਕ ਲਵੇਗਾ ਲੰਗਰ 'ਚ ਜਾ ਕੇ ਵੀ ਮੈਂ ਅੱਠ ਘੰਟੇ ਸੇਵਾ ਕਰਨੀ ਹੈ। ਵੇਹਲਾ ਰਹਿਣ ਨਹੀਂ ਦਿੱਤਾ ਜਾਂਦਾ ਇੱਥੇ।","ਇੱਥੇ ਕੋਈ ਬੰਦਾ ਵੇਹਲਾ ਰਹਿ ਨਹੀਂ ਸਕਦਾ, ਉਹਨੂੰ ਕਹਿ ਦੇਵੋ ਵੇਹਲਾ ਕਰ ਦਿੱਤਾ, ਉਹ ਬਾਲਟੀ ਚੁੱਕ ਲਵੇਗਾ ਲੰਗਰ 'ਚ ਜਾ ਕੇ ਵੀ ਮੈਂ ਅੱਠ ਘੰਟੇ ਸੇਵਾ ਕਰਨੀ ਹੈ। ਵੇਹਲਾ ਰਹਿਣ ਨਹੀਂ ਦਿੱਤਾ ਜਾਂਦਾ ਇੱਥੇ।",9.8,https://www.youtube.com/watch?v=t6wXJUD4p40
wavs/spk1_male_0040.wav,spk1_male_orator,Bhai Ranjit Singh,male,"ਉਹ ਕਹਿੰਦੇ ਨੇ ਫੜੋ ਡਿਊਟੀ, ਸ਼ਾਮ ਵੇਲੇ ਮੈਂ ਇੱਥੇ ਬੈਠ ਗਿਆ, ਮੈਂ ਵੇਖਦਾ ਹਾਂ ਆਏ ਗਏ ਨੂੰ... ਇੱਥੇ ਬਹਿ ਜਾਵਾਂ, ਉੱਥੇ ਬਹਿ ਜਾਵਾਂ, ਗੇਟ 'ਤੇ ਬਹਿ ਜਾਵਾਂ।","ਉਹ ਕਹਿੰਦੇ ਨੇ ਫੜੋ ਡਿਊਟੀ, ਸ਼ਾਮ ਵੇਲੇ ਮੈਂ ਇੱਥੇ ਬੈਠ ਗਿਆ, ਮੈਂ ਵੇਖਦਾ ਹਾਂ ਆਏ ਗਏ ਨੂੰ... ਇੱਥੇ ਬਹਿ ਜਾਵਾਂ, ਉੱਥੇ ਬਹਿ ਜਾਵਾਂ, ਗੇਟ 'ਤੇ ਬਹਿ ਜਾਵਾਂ।",10.88,https://www.youtube.com/watch?v=t6wXJUD4p40
wavs/spk1_male_0041.wav,spk1_male_orator,Bhai Ranjit Singh,male,"ਉਹਨੂੰ ਰੋਕ ਦਿਓਗੇ ਕੋਈ ਚੌਕੀਦਾਰੀ ਕਰਨ, ਡਿਊਟੀ ਕਰਨ? ਅੱਠ ਘੰਟੇ ਕਰ ਲੈਣ ਦਿੰਦੇ ਹਾਂ। ਪਰ ਨਾਰਮਲ ਲਾਈਫ ਦੇ ਵਿੱਚ ਲੋਕ ਐਦਾਂ ਵੇਹਲੇ ਹੋ ਜਾਂਦੇ ਨੇ।","ਉਹਨੂੰ ਰੋਕ ਦਿਓਗੇ ਕੋਈ ਚੌਕੀਦਾਰੀ ਕਰਨ, ਡਿਊਟੀ ਕਰਨ? ਅੱਠ ਘੰਟੇ ਕਰ ਲੈਣ ਦਿੰਦੇ ਹਾਂ। ਪਰ ਨਾਰਮਲ ਲਾਈਫ ਦੇ ਵਿੱਚ ਲੋਕ ਐਦਾਂ ਵੇਹਲੇ ਹੋ ਜਾਂਦੇ ਨੇ।",11.66,https://www.youtube.com/watch?v=t6wXJUD4p40
wavs/spk1_male_0042.wav,spk1_male_orator,Bhai Ranjit Singh,male,"ਤੇ ਵੇਹਲੇ ਹੋ ਕੇ ਪਰੇਸ਼ਾਨ ਰਹਿਣ ਲੱਗ ਜਾਂਦੇ ਨੇ। ਜਿਹੜਾ ਬਿਜ਼ੀ ਹੈ, ਜਿਹੜਾ ਕੰਮ ਕਰਦਾ ਹੈ, ਜਿਹਨੂੰ ਪਤਾ ਵੀ ਸਵੇਰੇ 8 ਵਜੇ ਜਾਣਾ ਹੈ, 9 ਵਜੇ ਆਹ ਕੰਮ ਕਰਨਾ ਹੈ...","ਤੇ ਵੇਹਲੇ ਹੋ ਕੇ ਪਰੇਸ਼ਾਨ ਰਹਿਣ ਲੱਗ ਜਾਂਦੇ ਨੇ। ਜਿਹੜਾ ਬਿਜ਼ੀ ਹੈ, ਜਿਹੜਾ ਕੰਮ ਕਰਦਾ ਹੈ, ਜਿਹਨੂੰ ਪਤਾ ਵੀ ਸਵੇਰੇ ਅੱਠ ਵਜੇ ਜਾਣਾ ਹੈ, ਨੌਂ ਵਜੇ ਆਹ ਕੰਮ ਕਰਨਾ ਹੈ...",9.45,https://www.youtube.com/watch?v=t6wXJUD4p40
wavs/spk1_male_0043.wav,spk1_male_orator,Bhai Ranjit Singh,male,"ਤਿੰਨ ਵਜੇ ਦੂਜਾ ਕੰਮ ਕਰਨਾ ਹੈ, ਏਦਾਂ ਕਰਕੇ ਆਇਆ, ਉਹ ਖ਼ੁਸ਼ ਹੈ ਆਪਣੀ ਜ਼ਿੰਦਗੀ ਵਿੱਚ। ਇੱਕ ਤਾਂ ਕੰਮ ਕਰਕੇ ਖ਼ੁਸ਼, ਐਕਟੀਵਿਟੀ ਕਰਨੀ ਚਾਹੀਦੀ ਹੈ।","ਤਿੰਨ ਵਜੇ ਦੂਜਾ ਕੰਮ ਕਰਨਾ ਹੈ, ਏਦਾਂ ਕਰਕੇ ਆਇਆ, ਉਹ ਖ਼ੁਸ਼ ਹੈ ਆਪਣੀ ਜ਼ਿੰਦਗੀ ਵਿੱਚ। ਇੱਕ ਤਾਂ ਕੰਮ ਕਰਕੇ ਖ਼ੁਸ਼, ਐਕਟੀਵਿਟੀ ਕਰਨੀ ਚਾਹੀਦੀ ਹੈ।",8.36,https://www.youtube.com/watch?v=t6wXJUD4p40
wavs/spk1_male_0044.wav,spk1_male_orator,Bhai Ranjit Singh,male,"ਘਰੇ ਰਹਿਣਾ, ਘਰੇ ਰਹਿਣਾ... ਫਿਰ ਲਾਕਡਾਊਨ ਵਿੱਚ ਵੇਹਲੇ ਸਾਰੇ, ਵਜਨ ਵਧਣ ਲੱਗ ਗਿਆ ਜੀ ਦੱਸੋ।","ਘਰੇ ਰਹਿਣਾ, ਘਰੇ ਰਹਿਣਾ... ਫਿਰ ਲਾਕਡਾਊਨ ਵਿੱਚ ਵੇਹਲੇ ਸਾਰੇ, ਵਜਨ ਵਧਣ ਲੱਗ ਗਿਆ ਜੀ ਦੱਸੋ।",7.76,https://www.youtube.com/watch?v=t6wXJUD4p40
wavs/spk1_male_0045.wav,spk1_male_orator,Bhai Ranjit Singh,male,"ਹੈਗੇ ਨੇ ਹੁਣ... ਭਾਵੇਂ ਦੋ ਘੰਟੇ ਬੈਠ ਕੇ 25 ਸ਼ਬਦ ਬਣਾ ਲਏ, ਰਿਕਾਰਡ ਕਰਕੇ ਰੱਖ ਲਏ, ਫਿਰ ਹੁਣ ਅੱਗੇ ਵਧਣਾ।","ਹੈਗੇ ਨੇ ਹੁਣ... ਭਾਵੇਂ ਦੋ ਘੰਟੇ ਬੈਠ ਕੇ ਪੰਝੀ ਸ਼ਬਦ ਬਣਾ ਲਏ, ਰਿਕਾਰਡ ਕਰਕੇ ਰੱਖ ਲਏ, ਫਿਰ ਹੁਣ ਅੱਗੇ ਵਧਣਾ।",9.08,https://www.youtube.com/watch?v=t6wXJUD4p40
wavs/spk1_male_0046.wav,spk1_male_orator,Bhai Ranjit Singh,male,"ਸਮਝ ਆ ਗਿਆ, ਕਰ ਲਿਆ... ਕੋਈ ਨਾ ਕੋਈ ਲੱਭ ਲਿਆ, ਚਲੋ ਭਾਈ ਬੂਟਿਆਂ ਨੂੰ ਪਾਣੀ ਪਾਉਣ ਲੱਗ ਜਾਓ, ਦੋ ਘੰਟੇ ਲੰਘ ਗਏ।","ਸਮਝ ਆ ਗਿਆ, ਕਰ ਲਿਆ... ਕੋਈ ਨਾ ਕੋਈ ਲੱਭ ਲਿਆ, ਚਲੋ ਭਾਈ ਬੂਟਿਆਂ ਨੂੰ ਪਾਣੀ ਪਾਉਣ ਲੱਗ ਜਾਓ, ਦੋ ਘੰਟੇ ਲੰਘ ਗਏ।",10.63,https://www.youtube.com/watch?v=t6wXJUD4p40
wavs/spk1_male_0047.wav,spk1_male_orator,Bhai Ranjit Singh,male,"ਹਾਫ਼ ਡੇਅ ਹੋ ਗਿਆ ਕੰਮ, ਮੈਂ ਰਸੋਈ 'ਚ ਚਲਿਆ ਗਿਆ, ਚਲੋ ਸਮੱਗਰੀ ਬਣਾਓ, ਕਿਚਨ ਵਿੱਚ ਚਲੇ ਗਏ, ਉੱਥੇ ਦੋ ਘੰਟੇ ਲੰਘ ਗਏ।","ਹਾਫ਼ ਡੇਅ ਹੋ ਗਿਆ ਕੰਮ, ਮੈਂ ਰਸੋਈ 'ਚ ਚਲਿਆ ਗਿਆ, ਚਲੋ ਸਮੱਗਰੀ ਬਣਾਓ, ਕਿਚਨ ਵਿੱਚ ਚਲੇ ਗਏ, ਉੱਥੇ ਦੋ ਘੰਟੇ ਲੰਘ ਗਏ।",8.97,https://www.youtube.com/watch?v=t6wXJUD4p40
wavs/spk1_male_0048.wav,spk1_male_orator,Bhai Ranjit Singh,male,"ਚਲੋ ਪਨੀਰ ਤਲ ਲਓ, ਆਹ ਕਰ ਲਓ, ਆਹ ਬਣਾ ਲਓ... ਦੋ ਘੰਟੇ ਪਾਸ ਹੋ ਗਏ।","ਚਲੋ ਪਨੀਰ ਤਲ ਲਓ, ਆਹ ਕਰ ਲਓ, ਆਹ ਬਣਾ ਲਓ... ਦੋ ਘੰਟੇ ਪਾਸ ਹੋ ਗਏ।",7.04,https://www.youtube.com/watch?v=t6wXJUD4p40
wavs/spk1_male_0049.wav,spk1_male_orator,Bhai Ranjit Singh,male,"ਮਤਲਬ ਬਿਜ਼ੀ ਆਪਣੇ ਆਪ ਨੂੰ ਰੱਖਣਾ ਇੱਕ ਨੰਬਰ, ਪਰ ਦੂਜੇ ਨੰਬਰ 'ਤੇ ਜਿਹੜਾ ਨੁਕਤਾ ਹੈ ਉਹ ਹੈ ਆਪਣੇ ਸਰੀਰ ਨੂੰ...","ਮਤਲਬ ਬਿਜ਼ੀ ਆਪਣੇ ਆਪ ਨੂੰ ਰੱਖਣਾ ਇੱਕ ਨੰਬਰ, ਪਰ ਦੂਜੇ ਨੰਬਰ 'ਤੇ ਜਿਹੜਾ ਨੁਕਤਾ ਹੈ ਉਹ ਹੈ ਆਪਣੇ ਸਰੀਰ ਨੂੰ...",9.32,https://www.youtube.com/watch?v=t6wXJUD4p40
wavs/spk1_male_0050.wav,spk1_male_orator,Bhai Ranjit Singh,male,"ਜੇ ਮਨ ਦੀ ਸ਼ਾਂਤੀ ਚਾਹੁੰਦੇ ਹੋ ਤਾਂ ਸਰੀਰ ਨੂੰ ਪਰੇਸ਼ਾਨ ਨਹੀਂ ਹੋਣ ਦੇਣਾ, ਇਹ ਧਿਆਨ 'ਚ ਰੱਖਣਾ।","ਜੇ ਮਨ ਦੀ ਸ਼ਾਂਤੀ ਚਾਹੁੰਦੇ ਹੋ ਤਾਂ ਸਰੀਰ ਨੂੰ ਪਰੇਸ਼ਾਨ ਨਹੀਂ ਹੋਣ ਦੇਣਾ, ਇਹ ਧਿਆਨ 'ਚ ਰੱਖਣਾ।",6.63,https://www.youtube.com/watch?v=t6wXJUD4p40
wavs/spk1_male_0051.wav,spk1_male_orator,Bhai Ranjit Singh,male,"ਇਹਨੂੰ ਕਾਇਮ ਰੱਖਾਂਗੇ ਤੇ ਮਾਈਂਡ ਆਪਣੇ ਆਪ ਸ਼ਾਂਤ ਰਹਿਣਾ, ਰਿਲੈਕਸ... ਫ਼ਿਜ਼ੀਕਲ ਪ੍ਰੌਬਲਮ ਨਹੀਂ ਆਉਣ ਦੇਣੀ।","ਇਹਨੂੰ ਕਾਇਮ ਰੱਖਾਂਗੇ ਤੇ ਮਾਈਂਡ ਆਪਣੇ ਆਪ ਸ਼ਾਂਤ ਰਹਿਣਾ, ਰਿਲੈਕਸ... ਫ਼ਿਜ਼ੀਕਲ ਪ੍ਰੌਬਲਮ ਨਹੀਂ ਆਉਣ ਦੇਣੀ।",8.67,https://www.youtube.com/watch?v=t6wXJUD4p40
wavs/spk1_male_0052.wav,spk1_male_orator,Bhai Ranjit Singh,male,ਸਰੀਰ 'ਤੇ ਵੇਟ ਨਹੀਂ ਵਧਣ ਦੇਣਾ। ਮੈਂ ਇਸ ਵਿਸ਼ੇ 'ਤੇ ਇੱਕ ਦਿਨ ਦੋ ਘੰਟੇ ਪੂਰੇ ਲਾਉਣੇ ਨੇ ਸਿਹਤ ਦੇ ਮਸਲੇ 'ਤੇ।,ਸਰੀਰ 'ਤੇ ਵੇਟ ਨਹੀਂ ਵਧਣ ਦੇਣਾ। ਮੈਂ ਇਸ ਵਿਸ਼ੇ 'ਤੇ ਇੱਕ ਦਿਨ ਦੋ ਘੰਟੇ ਪੂਰੇ ਲਾਉਣੇ ਨੇ ਸਿਹਤ ਦੇ ਮਸਲੇ 'ਤੇ।,7.06,https://www.youtube.com/watch?v=t6wXJUD4p40
wavs/spk1_male_0053.wav,spk1_male_orator,Bhai Ranjit Singh,male,"ਮੈਂ ਹਾਲੇ ਆਪ ਜਾਣਕਾਰੀ ਪੂਰੀ ਲੈ ਰਿਹਾ ਹਾਂ, ਮੈਂ ਡਾਕਟਰ ਸਾਹਿਬ ਦੀ ਵੀ ਇੰਟਰਵਿਊ ਕਰਾਂਗਾ। ਮੈਂ ਚਾਹੁੰਦਾ ਹਾਂ ਵੀ ਆਪਾਂ ਇੱਕ ਦੀਵਾਨ ਨਹੀਂ ਲਾਉਣਾ, ਸਿਹਤ ਦੀ ਗੱਲ ਹੀ ਕਰਨੀ ਹੈ।","ਮੈਂ ਹਾਲੇ ਆਪ ਜਾਣਕਾਰੀ ਪੂਰੀ ਲੈ ਰਿਹਾ ਹਾਂ, ਮੈਂ ਡਾਕਟਰ ਸਾਹਿਬ ਦੀ ਵੀ ਇੰਟਰਵਿਊ ਕਰਾਂਗਾ। ਮੈਂ ਚਾਹੁੰਦਾ ਹਾਂ ਵੀ ਆਪਾਂ ਇੱਕ ਦੀਵਾਨ ਨਹੀਂ ਲਾਉਣਾ, ਸਿਹਤ ਦੀ ਗੱਲ ਹੀ ਕਰਨੀ ਹੈ।",11.5,https://www.youtube.com/watch?v=t6wXJUD4p40
wavs/spk1_male_0054.wav,spk1_male_orator,Bhai Ranjit Singh,male,"ਡਾਕਟਰ ਸਾਹਿਬ ਨੂੰ ਬਿਠਾ ਕੇ ਇਕੱਲੀ-ਇਕੱਲੀ ਚੀਜ਼ ਸਮਝਾਂਗੇ, ਤਾਂ ਜੋ ਸਭ ਨੂੰ ਸਮਝ ਆਵੇ।","ਡਾਕਟਰ ਸਾਹਿਬ ਨੂੰ ਬਿਠਾ ਕੇ ਇਕੱਲੀ ਇਕੱਲੀ ਚੀਜ਼ ਸਮਝਾਂਗੇ, ਤਾਂ ਜੋ ਸਭ ਨੂੰ ਸਮਝ ਆਵੇ।",6.75,https://www.youtube.com/watch?v=t6wXJUD4p40
wavs/spk1_male_0055.wav,spk1_male_orator,Bhai Ranjit Singh,male,"ਦੋ ਘੰਟੇ ਲਾਈਵ... ਘੱਟ ਤੋਂ ਘੱਟ ਹਰੇਕ ਦੇ ਪੱਲੇ ਪੈ ਜਾਵੇ, ਸਾਰੇ ਲਾਈਵ ਕਰਾਂਗੇ ਦੀਵਾਨ, ਸਿਹਤ ਦਾ ਦੀਵਾਨ ਲਾਵਾਂਗੇ।","ਦੋ ਘੰਟੇ ਲਾਈਵ... ਘੱਟ ਤੋਂ ਘੱਟ ਹਰੇਕ ਦੇ ਪੱਲੇ ਪੈ ਜਾਵੇ, ਸਾਰੇ ਲਾਈਵ ਕਰਾਂਗੇ ਦੀਵਾਨ, ਸਿਹਤ ਦਾ ਦੀਵਾਨ ਲਾਵਾਂਗੇ।",10.48,https://www.youtube.com/watch?v=t6wXJUD4p40
wavs/spk1_male_0056.wav,spk1_male_orator,Bhai Ranjit Singh,male,"ਮੇਰਾ ਮਨ ਕਰਦਾ, ਕਰਾਂਗੇ ਆਪਾਂ 15 ਕੁ ਦਿਨਾਂ ਵਿੱਚ ਕਰਦੇ ਹਾਂ, ਪਰ ਮੈਂ ਜਿਹੜੀ ਗੱਲ ਕਰਦਾ ਹਾਂ...","ਮੇਰਾ ਮਨ ਕਰਦਾ, ਕਰਾਂਗੇ ਆਪਾਂ ਪੰਦਰਾਂ ਕੁ ਦਿਨਾਂ ਵਿੱਚ ਕਰਦੇ ਹਾਂ, ਪਰ ਮੈਂ ਜਿਹੜੀ ਗੱਲ ਕਰਦਾ ਹਾਂ...",6.22,https://www.youtube.com/watch?v=t6wXJUD4p40
wavs/spk1_male_0057.wav,spk1_male_orator,Bhai Ranjit Singh,male,"ਤਨ ਰੋਗੀ ਹੈ ਤੇ ਮਨ ਆਪਣੇ ਆਪ ਰੋਗੀ, ਮਨ ਰੋਗੀ ਹੈ ਤੇ ਤਨ ਰੋਗੀ। ਤਾਂ ਕਰਕੇ ਜੇ ਮਨ ਦੀ ਸ਼ਾਂਤੀ ਚਾਹੁੰਦੇ ਹੋ, ਸਿਹਤ ਨੂੰ ਖ਼ਰਾਬ ਨਾ ਹੋਣ ਦਿਓ, ਭਾਰੇ ਨਾ ਹੋਵੋ। ਭਾਰੇ ਹੋ ਕੇ ਐਡੇ ਮੋਟੇ ਬਣ ਜਾਓ, ਫਿਰ ਮਨ ਪਰੇਸ਼ਾਨ ਕਰਨ ਦੀ ਲੋੜ ਨਹੀਂ ਪੈਣੀ।","ਤਨ ਰੋਗੀ ਹੈ ਤੇ ਮਨ ਆਪਣੇ ਆਪ ਰੋਗੀ, ਮਨ ਰੋਗੀ ਹੈ ਤੇ ਤਨ ਰੋਗੀ। ਤਾਂ ਕਰਕੇ ਜੇ ਮਨ ਦੀ ਸ਼ਾਂਤੀ ਚਾਹੁੰਦੇ ਹੋ, ਸਿਹਤ ਨੂੰ ਖ਼ਰਾਬ ਨਾ ਹੋਣ ਦਿਓ, ਭਾਰੇ ਨਾ ਹੋਵੋ। ਭਾਰੇ ਹੋ ਕੇ ਐਡੇ ਮੋਟੇ ਬਣ ਜਾਓ, ਫਿਰ ਮਨ ਪਰੇਸ਼ਾਨ ਕਰਨ ਦੀ ਲੋੜ ਨਹੀਂ ਪੈਣੀ।",14.95,https://www.youtube.com/watch?v=t6wXJUD4p40
wavs/spk1_male_0058.wav,spk1_male_orator,Bhai Ranjit Singh,male,"ਸੁਸਤੀ ਨਾਲ ਬੁਰਾ ਹਾਲ ਹੋ ਜਾਣਾ, ਫ਼ਿਜ਼ੀਕਲੀ ਅਪਸੈੱਟ ਤੇ ਮੈਂਟਲੀ ਵੀ ਅਪਸੈੱਟ।","ਸੁਸਤੀ ਨਾਲ ਬੁਰਾ ਹਾਲ ਹੋ ਜਾਣਾ, ਫ਼ਿਜ਼ੀਕਲੀ ਅਪਸੈੱਟ ਤੇ ਮੈਂਟਲੀ ਵੀ ਅਪਸੈੱਟ।",7.21,https://www.youtube.com/watch?v=t6wXJUD4p40
wavs/spk1_male_0059.wav,spk1_male_orator,Bhai Ranjit Singh,male,"ਇਹ ਜ਼ਰੂਰੀ ਹੈ ਆਪਣੇ ਆਪ ਨੂੰ ਫਿੱਟ ਰੱਖਣਾ, ਐਨਰਜੀ ਹੋਵੇ। ਫਟਾਫਟ ਸਵੇਰੇ ਉੱਠ ਕੇ ਮਾੜੀ-ਮੋਟੀ ਛਾਲ-ਸ਼ੂਲ ਮਾਰ ਕੇ ਆਪਣੇ ਆਪ ਨੂੰ ਐਨਰਜੀ ਨਾਲ ਭਰਨਾ। ਜੇ ਬੋਡੀ 'ਚ ਐਨਰਜੀ ਹੈ ਤਾਂ ਮਨ ਵੀ ਕਾਇਮ ਰਹਿਣਾ ਹੈ।","ਇਹ ਜ਼ਰੂਰੀ ਹੈ ਆਪਣੇ ਆਪ ਨੂੰ ਫਿੱਟ ਰੱਖਣਾ, ਐਨਰਜੀ ਹੋਵੇ। ਫਟਾਫਟ ਸਵੇਰੇ ਉੱਠ ਕੇ ਮਾੜੀ ਮੋਟੀ ਛਾਲ ਸ਼ੂਲ ਮਾਰ ਕੇ ਆਪਣੇ ਆਪ ਨੂੰ ਐਨਰਜੀ ਨਾਲ ਭਰਨਾ। ਜੇ ਬੋਡੀ 'ਚ ਐਨਰਜੀ ਹੈ ਤਾਂ ਮਨ ਵੀ ਕਾਇਮ ਰਹਿਣਾ ਹੈ।",14.02,https://www.youtube.com/watch?v=t6wXJUD4p40
wavs/spk1_male_0060.wav,spk1_male_orator,Bhai Ranjit Singh,male,"ਨੋਟ ਕਰਕੇ ਵੇਖਿਓ, ਇਹ ਸੱਚੀ ਗੱਲ ਹੈ।","ਨੋਟ ਕਰਕੇ ਵੇਖਿਓ, ਇਹ ਸੱਚੀ ਗੱਲ ਹੈ।",3.76,https://www.youtube.com/watch?v=t6wXJUD4p40
wavs/spk1_male_0061.wav,spk1_male_orator,Bhai Ranjit Singh,male,"ਚਲੋ ਕਈ ਵਾਰੀ ਏਦਾਂ ਹੁੰਦਾ ਹੈ, ਏਸੀ ਨੂੰ ਬੰਦ ਕਰਕੇ ਅੱਧਾ ਘੰਟਾ ਬਾਹਰ ਚੱਲੀਏ, ਥੋੜ੍ਹਾ ਜਿਹਾ ਤੁਰ ਕੇ ਆਈਏ, ਗੇੜੇ-ਮੂੜੇ ਦੇ ਕੇ, ਕਿੰਨਾ ਸ਼ਾਂਤ ਹੋ ਜਾਂਦਾ ਹੈ ਖੁੱਲ੍ਹੀ ਹਵਾ ਵਿੱਚ ਜਾ ਕੇ।","ਚਲੋ ਕਈ ਵਾਰੀ ਏਦਾਂ ਹੁੰਦਾ ਹੈ, ਏਸੀ ਨੂੰ ਬੰਦ ਕਰਕੇ ਅੱਧਾ ਘੰਟਾ ਬਾਹਰ ਚੱਲੀਏ, ਥੋੜ੍ਹਾ ਜਿਹਾ ਤੁਰ ਕੇ ਆਈਏ, ਗੇੜੇ ਮੂੜੇ ਦੇ ਕੇ, ਕਿੰਨਾ ਸ਼ਾਂਤ ਹੋ ਜਾਂਦਾ ਹੈ ਖੁੱਲ੍ਹੀ ਹਵਾ ਵਿੱਚ ਜਾ ਕੇ।",10.02,https://www.youtube.com/watch?v=t6wXJUD4p40
wavs/spk1_male_0062.wav,spk1_male_orator,Bhai Ranjit Singh,male,"ਅੰਦਰ ਬੈਠੇ ਰਹੋ, ਏਸੀ ਬੰਦ ਹੋਣ ਦਾ ਨਾਂ ਨਹੀਂ ਲੈਂਦਾ। ਅੰਦਰ ਹੀ ਵੜੇ ਰਹੋ... ਕਈ ਬੀਬੀਆਂ ਨੂੰ ਅੰਦਰ ਬੰਦ ਕਰ ਦਿਓ ਤੇ ਤੁਸੀਂ ਸਾਰਾ ਦਿਨ ਕਮਰੇ ਦਾ ਏਸੀ ਚਲਾ ਦਿਓ, ਬੰਦ ਨਾ ਕਰੋ, ਉਹਨਾਂ ਨੂੰ ਲੜਾਈ ਲੱਭਣ ਲੱਗ ਜਾਵੇਗੀ ਕਿਉਂਕਿ ਖੁੱਲ੍ਹੀ ਹਵਾ 'ਚ ਨਹੀਂ ਜਾ ਰਹੀਆਂ।","ਅੰਦਰ ਬੈਠੇ ਰਹੋ, ਏਸੀ ਬੰਦ ਹੋਣ ਦਾ ਨਾਂ ਨਹੀਂ ਲੈਂਦਾ। ਅੰਦਰ ਹੀ ਵੜੇ ਰਹੋ... ਕਈ ਬੀਬੀਆਂ ਨੂੰ ਅੰਦਰ ਬੰਦ ਕਰ ਦਿਓ ਤੇ ਤੁਸੀਂ ਸਾਰਾ ਦਿਨ ਕਮਰੇ ਦਾ ਏਸੀ ਚਲਾ ਦਿਓ, ਬੰਦ ਨਾ ਕਰੋ, ਉਹਨਾਂ ਨੂੰ ਲੜਾਈ ਲੱਭਣ ਲੱਗ ਜਾਵੇਗੀ ਕਿਉਂਕਿ ਖੁੱਲ੍ਹੀ ਹਵਾ 'ਚ ਨਹੀਂ ਜਾ ਰਹੀਆਂ।",11.51,https://www.youtube.com/watch?v=t6wXJUD4p40
wavs/spk1_male_0063.wav,spk1_male_orator,Bhai Ranjit Singh,male,"ਤੁਰਦੀਆਂ ਨਹੀਂ, ਆਕਸੀਜਨ ਮਿਲਦੀ ਨਹੀਂ... ਅੰਦਰ ਰਹਿ-ਰਹਿ ਕੇ ਘੁੱਟਣ ਮਹਿਸੂਸ ਹੁੰਦੀ ਹੈ। ਏਸੀ ਦਾ ਇੱਕ ਟਾਈਮ ਲਿਮਟ ਹੋਵੇ, ਅੱਧਾ ਘੰਟਾ ਵਿੱਚ ਦੀ ਬੰਦ ਕਰ ਦਿਓ।","ਤੁਰਦੀਆਂ ਨਹੀਂ, ਆਕਸੀਜਨ ਮਿਲਦੀ ਨਹੀਂ... ਅੰਦਰ ਰਹਿ ਰਹਿ ਕੇ ਘੁੱਟਣ ਮਹਿਸੂਸ ਹੁੰਦੀ ਹੈ। ਏਸੀ ਦਾ ਇੱਕ ਟਾਈਮ ਲਿਮਟ ਹੋਵੇ, ਅੱਧਾ ਘੰਟਾ ਵਿੱਚ ਦੀ ਬੰਦ ਕਰ ਦਿਓ।",11.61,https://www.youtube.com/watch?v=t6wXJUD4p40
wavs/spk1_male_0064.wav,spk1_male_orator,Bhai Ranjit Singh,male,"ਸਾਡੇ ਤਾਂ ਕਈ ਏਸੀ ਉਨੇ ਹੀ ਵਧਾ ਲੈਂਦੇ ਨੇ, ਤੇ ਹੁਣ ਕੰਮ ਠੀਕ ਹੋਵੇ ਤਾਂ ਪਤਾ ਵੀ ਚੱਲਦਾ ਹੈ, ਛੱਡ ਕੇ ਹੁਣ ਵੇਹਲਿਆਂ ਨੂੰ ਠੰਢਾ-ਠਾਰ ਹੋ ਕੇ ਬੰਦ ਹੀ ਨਹੀਂ ਕਰਨਾ।","ਸਾਡੇ ਤਾਂ ਕਈ ਏਸੀ ਉਨੇ ਹੀ ਵਧਾ ਲੈਂਦੇ ਨੇ, ਤੇ ਹੁਣ ਕੰਮ ਠੀਕ ਹੋਵੇ ਤਾਂ ਪਤਾ ਵੀ ਚੱਲਦਾ ਹੈ, ਛੱਡ ਕੇ ਹੁਣ ਵੇਹਲਿਆਂ ਨੂੰ ਠੰਢਾ ਠਾਰ ਹੋ ਕੇ ਬੰਦ ਹੀ ਨਹੀਂ ਕਰਨਾ।",10.38,https://www.youtube.com/watch?v=t6wXJUD4p40
wavs/spk1_male_0065.wav,spk1_male_orator,Bhai Ranjit Singh,male,"ਪਰ ਇਹ ਚੇਤੇ ਰੱਖਿਓ, ਜਿਹੜੇ ਮੁੰਡੇ ਕੰਮ ਕਰਦੇ ਨੇ, ਤੁਹਾਡੇ ਏਸੀ ਕਿੰਨੇ ਵਜੇ ਬੰਦ ਹੋਏ ਸੀ? ਮੈਂ ਪਤਾ ਕਰਾਂਗਾ ਵੀ ਬੰਦ ਕਰਦੇ ਵੀ ਹੋ ਕਿ ਨਹੀਂ।","ਪਰ ਇਹ ਚੇਤੇ ਰੱਖਿਓ, ਜਿਹੜੇ ਮੁੰਡੇ ਕੰਮ ਕਰਦੇ ਨੇ, ਤੁਹਾਡੇ ਏਸੀ ਕਿੰਨੇ ਵਜੇ ਬੰਦ ਹੋਏ ਸੀ? ਮੈਂ ਪਤਾ ਕਰਾਂਗਾ ਵੀ ਬੰਦ ਕਰਦੇ ਵੀ ਹੋ ਕਿ ਨਹੀਂ।",7.96,https://www.youtube.com/watch?v=t6wXJUD4p40
wavs/spk1_male_0066.wav,spk1_male_orator,Bhai Ranjit Singh,male,"ਐਦਾਂ ਨਹੀਂ ਜੇ ਕੋਈ ਪਤਾ ਸਾਰਾ ਦਿਨ ਨਹੀਂ ਲੱਗਦਾ, ਮੈਂ ਸਾਰੀ ਇਨਫ਼ਾਰਮੇਸ਼ਨ ਰੱਖਦਾ ਹਾਂ ਕਿ ਕਿੰਨੇ ਵਜੇ ਬੰਦ ਕਰਦੇ ਹੋ, ਖੁੱਲ੍ਹੀ ਹਵਾ 'ਚ ਜਾਂਦੇ ਹੋ ਕਿ ਚੱਲਦਾ ਹੀ ਰਹਿੰਦਾ ਹੈ।","ਐਦਾਂ ਨਹੀਂ ਜੇ ਕੋਈ ਪਤਾ ਸਾਰਾ ਦਿਨ ਨਹੀਂ ਲੱਗਦਾ, ਮੈਂ ਸਾਰੀ ਇਨਫ਼ਾਰਮੇਸ਼ਨ ਰੱਖਦਾ ਹਾਂ ਕਿ ਕਿੰਨੇ ਵਜੇ ਬੰਦ ਕਰਦੇ ਹੋ, ਖੁੱਲ੍ਹੀ ਹਵਾ 'ਚ ਜਾਂਦੇ ਹੋ ਕਿ ਚੱਲਦਾ ਹੀ ਰਹਿੰਦਾ ਹੈ।",10.53,https://www.youtube.com/watch?v=t6wXJUD4p40
wavs/spk1_male_0067.wav,spk1_male_orator,Bhai Ranjit Singh,male,"ਹਰ ਚੀਜ਼ ਮੈਨੂੰ ਪਤਾ ਹੁੰਦੀ ਹੈ, ਪਰ ਮੈਂ ਨਾਲ ਇਹ ਗੱਲ ਕਰਦਾ ਹਾਂ ਵੀ ਸਾਨੂੰ ਇਹਨਾਂ ਬਿਮਾਰੀਆਂ ਤੋਂ ਬਚਣਾ ਚਾਹੀਦਾ ਹੈ। ਆਪਣੇ ਆਪ ਨੂੰ ਠੀਕ ਰੱਖਣ ਲਈ ਇਹ ਕੰਮ ਕਰਨੇ ਪੈਣਗੇ।","ਹਰ ਚੀਜ਼ ਮੈਨੂੰ ਪਤਾ ਹੁੰਦੀ ਹੈ, ਪਰ ਮੈਂ ਨਾਲ ਇਹ ਗੱਲ ਕਰਦਾ ਹਾਂ ਵੀ ਸਾਨੂੰ ਇਹਨਾਂ ਬਿਮਾਰੀਆਂ ਤੋਂ ਬਚਣਾ ਚਾਹੀਦਾ ਹੈ। ਆਪਣੇ ਆਪ ਨੂੰ ਠੀਕ ਰੱਖਣ ਲਈ ਇਹ ਕੰਮ ਕਰਨੇ ਪੈਣਗੇ।",11.6,https://www.youtube.com/watch?v=t6wXJUD4p40
wavs/spk1_male_0068.wav,spk1_male_orator,Bhai Ranjit Singh,male,"ਇਹ ਦਿਮਾਗ਼ 'ਤੇ ਬੜਾ ਗਹਿਰਾ ਅਸਰ ਪੈਂਦਾ ਹੈ ਇਹਨਾਂ ਚੀਜ਼ਾਂ ਦਾ। ਤੁਸੀਂ ਇੱਕ ਗੱਲ ਨੋਟ ਕਰ ਲਓ, ਮਿਰਚਾਂ ਪਾਓ ਵਾਹਵਾ ਸਾਰੀਆਂ, ਹਰੀਆਂ ਮਿਰਚਾਂ ਕੁੱਟ ਕੇ ਚੰਗੀ ਤਰ੍ਹਾਂ ਨਾਲ...","ਇਹ ਦਿਮਾਗ਼ 'ਤੇ ਬੜਾ ਗਹਿਰਾ ਅਸਰ ਪੈਂਦਾ ਹੈ ਇਹਨਾਂ ਚੀਜ਼ਾਂ ਦਾ। ਤੁਸੀਂ ਇੱਕ ਗੱਲ ਨੋਟ ਕਰ ਲਓ, ਮਿਰਚਾਂ ਪਾਓ ਵਾਹਵਾ ਸਾਰੀਆਂ, ਹਰੀਆਂ ਮਿਰਚਾਂ ਕੁੱਟ ਕੇ ਚੰਗੀ ਤਰ੍ਹਾਂ ਨਾਲ...",9.01,https://www.youtube.com/watch?v=t6wXJUD4p40
wavs/spk1_male_0069.wav,spk1_male_orator,Bhai Ranjit Singh,male,"ਲਾਲ ਮਿਰਚਾਂ ਪਾ ਕੇ ਤੇ ਪਨੀਰ ਏਨਾ ਸਾਰਾ ਬਣਾ ਕੇ ਤੁਸੀਂ ਖਾਓ ਅੱਜ ਰਾਤ ਦੀ ਰੋਟੀ 'ਚ, ਪੂਰਾ ਮਸਾਲਾ ਭੁੰਨ ਕੇ ਚੰਗੀ ਤਰ੍ਹਾਂ ਨਾਲ ਤੇ ਖਾ ਕੇ ਏਡਾ ਕੌਲਾ ਭਰ ਕੇ...","ਲਾਲ ਮਿਰਚਾਂ ਪਾ ਕੇ ਤੇ ਪਨੀਰ ਏਨਾ ਸਾਰਾ ਬਣਾ ਕੇ ਤੁਸੀਂ ਖਾਓ ਅੱਜ ਰਾਤ ਦੀ ਰੋਟੀ 'ਚ, ਪੂਰਾ ਮਸਾਲਾ ਭੁੰਨ ਕੇ ਚੰਗੀ ਤਰ੍ਹਾਂ ਨਾਲ ਤੇ ਖਾ ਕੇ ਏਡਾ ਕੌਲਾ ਭਰ ਕੇ...",11.29,https://www.youtube.com/watch?v=t6wXJUD4p40
wavs/spk1_male_0070.wav,spk1_male_orator,Bhai Ranjit Singh,male,"ਤੇ ਨਾਲ ਤੰਦੂਰੀ 5-7 ਰੋਟੀਆਂ... ਮੇਰੀ ਕਿਤੇ ਮੰਨ ਲਈਓ ਤੁਸੀਂ ਨਾ, ਤੇ ਫਿਰ ਅਗਲੇ ਦਿਨ ਤੁਸੀਂ ਦੇਖਿਓ ਸਹੀ, ਇਹ ਨਹੀਂ ਪਤਾ ਵੀ ਗੱਲ-ਗੱਲ 'ਤੇ ਛੇੜ ਪੈ ਜਾਵੇ।","ਤੇ ਨਾਲ ਤੰਦੂਰੀ ਪੰਜ ਸੱਤ ਰੋਟੀਆਂ... ਮੇਰੀ ਕਿਤੇ ਮੰਨ ਲਈਓ ਤੁਸੀਂ ਨਾ, ਤੇ ਫਿਰ ਅਗਲੇ ਦਿਨ ਤੁਸੀਂ ਦੇਖਿਓ ਸਹੀ, ਇਹ ਨਹੀਂ ਪਤਾ ਵੀ ਗੱਲ ਗੱਲ 'ਤੇ ਛੇੜ ਪੈ ਜਾਵੇ।",11.24,https://www.youtube.com/watch?v=t6wXJUD4p40
wavs/spk1_male_0071.wav,spk1_male_orator,Bhai Ranjit Singh,male,"ਨੇੜੇ ਲੱਗ ਜਾਏ ਕੋਈ, ਅੰਦਰ ਸਾੜ ਪੈਂਦਾ ਹੈ, ਤਜ਼ਾਬ ਬਣਦਾ ਹੈ, ਅਗਲੇ ਦਿਨ ਗੁੱਸਾ ਚੜ੍ਹਿਆ ਰਹਿੰਦਾ ਹੈ।","ਨੇੜੇ ਲੱਗ ਜਾਏ ਕੋਈ, ਅੰਦਰ ਸਾੜ ਪੈਂਦਾ ਹੈ, ਤਜ਼ਾਬ ਬਣਦਾ ਹੈ, ਅਗਲੇ ਦਿਨ ਗੁੱਸਾ ਚੜ੍ਹਿਆ ਰਹਿੰਦਾ ਹੈ।",6.95,https://www.youtube.com/watch?v=t6wXJUD4p40
wavs/spk1_male_0072.wav,spk1_male_orator,Bhai Ranjit Singh,male,"ਸਵੇਰੇ ਅਗਲਾ ਸਿੰਗ ਮਾਰਨ ਫਿਰਦਾ ਹੈ, ਹਰੇਕ ਨੂੰ... ਹਰੇਕ ਨੂੰ ਸਿੰਗ ਮਾਰਦਾ ਹੈ।","ਸਵੇਰੇ ਅਗਲਾ ਸਿੰਗ ਮਾਰਨ ਫਿਰਦਾ ਹੈ, ਹਰੇਕ ਨੂੰ... ਹਰੇਕ ਨੂੰ ਸਿੰਗ ਮਾਰਦਾ ਹੈ।",8.75,https://www.youtube.com/watch?v=t6wXJUD4p40
wavs/spk1_male_0073.wav,spk1_male_orator,Bhai Ranjit Singh,male,"ਉਹਦੇ ਸਾਹਮਣੇ ਕੋਈ ਆਵੇ, ਉਹ ਲੜਨ ਨੂੰ ਫਿਰਦਾ ਹੈ। ਉਹਨੂੰ ਨਹੀਂ ਪਤਾ ਇਹ ਸਾਰੀ ਪਨੀਰ ਦੀ ਕਰਾਮਾਤ ਹੈ ਜਿਹੜਾ ਰਾਤ ਅੱਠ ਵਜੇ ਛਕਿਆ ਸੀ!","ਉਹਦੇ ਸਾਹਮਣੇ ਕੋਈ ਆਵੇ, ਉਹ ਲੜਨ ਨੂੰ ਫਿਰਦਾ ਹੈ। ਉਹਨੂੰ ਨਹੀਂ ਪਤਾ ਇਹ ਸਾਰੀ ਪਨੀਰ ਦੀ ਕਰਾਮਾਤ ਹੈ ਜਿਹੜਾ ਰਾਤ ਅੱਠ ਵਜੇ ਛਕਿਆ ਸੀ!",10.99,https://www.youtube.com/watch?v=t6wXJUD4p40
wavs/spk1_male_0074.wav,spk1_male_orator,Bhai Ranjit Singh,male,"ਉਹਨੇ ਕਿਹਾ ਜਿਹੜਾ ਭੁੱਜਿਆ ਹੋਇਆ ਪਨੀਰ ਛਕਿਆ ਸੀ, ਏਨਾ ਕੁਝ ਛਕਿਆ ਸੀ, ਪੀਜ਼ਾ-ਬਰਗਰ ਜਿਹੜੇ ਖਾਂਦੇ ਸੀ, ਇਹ ਤਾਂ ਦਿੱਸਣੇ ਹੀ ਨੇ।","ਉਹਨੇ ਕਿਹਾ ਜਿਹੜਾ ਭੁੱਜਿਆ ਹੋਇਆ ਪਨੀਰ ਛਕਿਆ ਸੀ, ਏਨਾ ਕੁਝ ਛਕਿਆ ਸੀ, ਪੀਜ਼ਾ ਬਰਗਰ ਜਿਹੜੇ ਖਾਂਦੇ ਸੀ, ਇਹ ਤਾਂ ਦਿੱਸਣੇ ਹੀ ਨੇ।",11.25,https://www.youtube.com/watch?v=t6wXJUD4p40
wavs/spk1_male_0075.wav,spk1_male_orator,Bhai Ranjit Singh,male,"ਇਹ ਹੁਣ ਸਿਰ ਨੂੰ ਚੜ੍ਹ ਗਿਆ... ਇਹ ਸੀ ਮੈਦਾ, ਇਹਦੇ 'ਚ ਪਾਈ ਹੋਈ ਸੀ ਮੈਦੇ ਵਾਲੀ ਚੀਜ਼, ਇਹ ਚੜ੍ਹ ਗਿਆ ਤੇਰੇ ਸਿਰ।","ਇਹ ਹੁਣ ਸਿਰ ਨੂੰ ਚੜ੍ਹ ਗਿਆ... ਇਹ ਸੀ ਮੈਦਾ, ਇਹਦੇ 'ਚ ਪਾਈ ਹੋਈ ਸੀ ਮੈਦੇ ਵਾਲੀ ਚੀਜ਼, ਇਹ ਚੜ੍ਹ ਗਿਆ ਤੇਰੇ ਸਿਰ।",9.9,https://www.youtube.com/watch?v=t6wXJUD4p40
wavs/spk1_male_0076.wav,spk1_male_orator,Bhai Ranjit Singh,male,"ਇਹ ਹੁਣ ਚਾਰ ਦਿਨ ਲੱਗਣਗੇ ਅਗਲੇ ਦਿਨ... ਫਿਰ ਆ ਗਿਆ, ਜੰਕ ਫੂਡ ਛਕ ਲਿਆ, ਫਿਰ ਨਾਸ਼ਤੇ 'ਚ ਬਰਗਰ ਨਿਕਲਣਗੇ।","ਇਹ ਹੁਣ ਚਾਰ ਦਿਨ ਲੱਗਣਗੇ ਅਗਲੇ ਦਿਨ... ਫਿਰ ਆ ਗਿਆ, ਜੰਕ ਫੂਡ ਛਕ ਲਿਆ, ਫਿਰ ਨਾਸ਼ਤੇ 'ਚ ਬਰਗਰ ਨਿਕਲਣਗੇ।",10.66,https://www.youtube.com/watch?v=t6wXJUD4p40
wavs/spk1_male_0077.wav,spk1_male_orator,Bhai Ranjit Singh,male,"ਅੱਖਾਂ 'ਚ ਲਾਲੀ ਰਹੇਗੀ, ਕਿਉਂਕਿ ਸਰੀਰ ਅੰਦਰ ਤਜ਼ਾਬ ਬਣ ਰਿਹਾ ਹੈ।","ਅੱਖਾਂ 'ਚ ਲਾਲੀ ਰਹੇਗੀ, ਕਿਉਂਕਿ ਸਰੀਰ ਅੰਦਰ ਤਜ਼ਾਬ ਬਣ ਰਿਹਾ ਹੈ।",10.25,https://www.youtube.com/watch?v=t6wXJUD4p40
wavs/spk1_male_0078.wav,spk1_male_orator,Bhai Ranjit Singh,male,"ਕਈ ਵੇਲੇ ਐਦਾਂ ਹੁੰਦਾ ਹੈ, ਅਗਲਾ ਕਹਿੰਦਾ ਹੈ ਪਤਾ ਨਹੀਂ ਕੀ ਹੋ ਗਿਆ, ਚਿਹਰਾ ਉਤਰਿਆ ਹੋਇਆ ਹੈ।","ਕਈ ਵੇਲੇ ਐਦਾਂ ਹੁੰਦਾ ਹੈ, ਅਗਲਾ ਕਹਿੰਦਾ ਹੈ ਪਤਾ ਨਹੀਂ ਕੀ ਹੋ ਗਿਆ, ਚਿਹਰਾ ਉਤਰਿਆ ਹੋਇਆ ਹੈ।",11.85,https://www.youtube.com/watch?v=t6wXJUD4p40
wavs/spk1_male_0079.wav,spk1_male_orator,Bhai Ranjit Singh,male,"ਫਿਰ ਅਗਲੇ ਦਾ ਧਿਆਨ ਕਨਫ਼ਿਊਜ਼ ਰਹਿੰਦਾ ਹੈ... ਸਾਫ਼ ਮਤਲਬ ਇਹ ਹੈ ਗੱਲ ਦਾ, ਸਮਝਿਓ ਇਹ ਨੁਕਤਾ।","ਫਿਰ ਅਗਲੇ ਦਾ ਧਿਆਨ ਕਨਫ਼ਿਊਜ਼ ਰਹਿੰਦਾ ਹੈ... ਸਾਫ਼ ਮਤਲਬ ਇਹ ਹੈ ਗੱਲ ਦਾ, ਸਮਝਿਓ ਇਹ ਨੁਕਤਾ।",10.33,https://www.youtube.com/watch?v=t6wXJUD4p40
wavs/spk1_male_0080.wav,spk1_male_orator,Bhai Ranjit Singh,male,"ਇਹ ਦਿਮਾਗ਼ ਵਿੱਚ ਪਾਉਣ ਵਾਲੀ ਗੱਲ ਹੈ, ਮੇਰਾ ਤਜਰਬਾ ਹੈ ਇਹਨਾਂ ਗੱਲਾਂ ਦਾ। ਮੈਂ ਵੇਖਿਆ ਹੈ ਐਨੀ ਪਰੇਸ਼ਾਨੀ ਹੁੰਦੀ ਹੈ ਬੋਡੀ ਨੂੰ, ਸਾਨੂੰ ਫਿਰ ਧਿਆਨ ਰੱਖਣਾ ਪੈਣਾ ਹੈ।","ਇਹ ਦਿਮਾਗ਼ ਵਿੱਚ ਪਾਉਣ ਵਾਲੀ ਗੱਲ ਹੈ, ਮੇਰਾ ਤਜਰਬਾ ਹੈ ਇਹਨਾਂ ਗੱਲਾਂ ਦਾ। ਮੈਂ ਵੇਖਿਆ ਹੈ ਐਨੀ ਪਰੇਸ਼ਾਨੀ ਹੁੰਦੀ ਹੈ ਬੋਡੀ ਨੂੰ, ਸਾਨੂੰ ਫਿਰ ਧਿਆਨ ਰੱਖਣਾ ਪੈਣਾ ਹੈ।",10.79,https://www.youtube.com/watch?v=t6wXJUD4p40
wavs/spk1_male_0081.wav,spk1_male_orator,Bhai Ranjit Singh,male,"ਮੰਨ ਲਓ ਅੱਜ ਥੋੜ੍ਹਾ ਜਿਹਾ ਵੱਧ ਖਾਧਾ ਗਿਆ, ਅੱਗੇ ਤੁਰਦੇ ਹਾਂ ਅੱਧਾ ਘੰਟਾ, ਅੱਜ ਡੇਢ ਘੰਟਾ ਤੁਰੋ ਜਾਂ ਦੋ ਘੰਟੇ ਤੁਰੋ।","ਮੰਨ ਲਓ ਅੱਜ ਥੋੜ੍ਹਾ ਜਿਹਾ ਵੱਧ ਖਾਧਾ ਗਿਆ, ਅੱਗੇ ਤੁਰਦੇ ਹਾਂ ਅੱਧਾ ਘੰਟਾ, ਅੱਜ ਡੇਢ ਘੰਟਾ ਤੁਰੋ ਜਾਂ ਦੋ ਘੰਟੇ ਤੁਰੋ।",8.04,https://www.youtube.com/watch?v=t6wXJUD4p40
wavs/spk1_male_0082.wav,spk1_male_orator,Bhai Ranjit Singh,male,"ਕਈ ਤੁਰਨ ਜਾਂਦੇ ਨੇ, ਥੋੜ੍ਹਾ ਜਿਹਾ ਤੁਰ ਕੇ ਫੁੱਟਪਾਥ 'ਤੇ ਹੀ ਬਹਿ ਜਾਂਦੇ ਨੇ। ਤੁਰਨ ਨੂੰ ਕਿਹਦਾ ਜੀਅ ਕਰਦਾ ਹੈ?","ਕਈ ਤੁਰਨ ਜਾਂਦੇ ਨੇ, ਥੋੜ੍ਹਾ ਜਿਹਾ ਤੁਰ ਕੇ ਫੁੱਟਪਾਥ 'ਤੇ ਹੀ ਬਹਿ ਜਾਂਦੇ ਨੇ। ਤੁਰਨ ਨੂੰ ਕਿਹਦਾ ਜੀਅ ਕਰਦਾ ਹੈ?",11.52,https://www.youtube.com/watch?v=t6wXJUD4p40
wavs/spk1_male_0083.wav,spk1_male_orator,Bhai Ranjit Singh,male,"ਕੱਲ੍ਹ ਮੈਂ ਇੱਕ ਗੱਲ ਨਵੀਂ ਸੁਣੀ, ਕਹਿੰਦੇ ਜਿਹਨੇ ਮੂੰਹ ਖੋਲ੍ਹ ਕੇ ਤੁਰਨਾ ਹੈ (ਮਤਲਬ ਗੱਲਾਂ ਕਰਨੀਆਂ ਨੇ), ਉਹ ਜਿਹੋ ਜਿਹਾ ਤੁਰਿਆ, ਜਿਹੋ ਜਿਹਾ ਨਾ ਤੁਰਿਆ, ਇੱਕ ਬਰਾਬਰ ਹੈ! ਮੈਂ ਕਿਹਾ ਲੈ ਨਵਾਂ ਮਸਲਾ ਛਿੜ ਗਿਆ!","ਕੱਲ੍ਹ ਮੈਂ ਇੱਕ ਗੱਲ ਨਵੀਂ ਸੁਣੀ, ਕਹਿੰਦੇ ਜਿਹਨੇ ਮੂੰਹ ਖੋਲ੍ਹ ਕੇ ਤੁਰਨਾ ਹੈ (ਮਤਲਬ ਗੱਲਾਂ ਕਰਨੀਆਂ ਨੇ), ਉਹ ਜਿਹੋ ਜਿਹਾ ਤੁਰਿਆ, ਜਿਹੋ ਜਿਹਾ ਨਾ ਤੁਰਿਆ, ਇੱਕ ਬਰਾਬਰ ਹੈ! ਮੈਂ ਕਿਹਾ ਲੈ ਨਵਾਂ ਮਸਲਾ ਛਿੜ ਗਿਆ!",10.28,https://www.youtube.com/watch?v=t6wXJUD4p40
wavs/spk1_male_0084.wav,spk1_male_orator,Bhai Ranjit Singh,male,"ਕਹਿੰਦੇ ਜਿਹੋ ਜਿਹਾ ਤੁਰਿਆ, ਜਿਹੋ ਜਿਹਾ ਨਾ ਤੁਰਿਆ... ਜੇ ਤੁਰਨਾ ਹੈ ਤਾਂ ਗੱਲ ਨਹੀਂ ਕਰਨੀ, ਕੋਈ ਫ਼ਾਇਦਾ ਨਹੀਂ। ਚੁੱਪ ਕਰਕੇ ਤੁਰੋ ਬਿਨਾਂ ਬੋਲੇ।","ਕਹਿੰਦੇ ਜਿਹੋ ਜਿਹਾ ਤੁਰਿਆ, ਜਿਹੋ ਜਿਹਾ ਨਾ ਤੁਰਿਆ... ਜੇ ਤੁਰਨਾ ਹੈ ਤਾਂ ਗੱਲ ਨਹੀਂ ਕਰਨੀ, ਕੋਈ ਫ਼ਾਇਦਾ ਨਹੀਂ। ਚੁੱਪ ਕਰਕੇ ਤੁਰੋ ਬਿਨਾਂ ਬੋਲੇ।",10.36,https://www.youtube.com/watch?v=t6wXJUD4p40
wavs/spk1_male_0085.wav,spk1_male_orator,Bhai Ranjit Singh,male,"ਹੁਣ ਅਸੀਂ ਕੀ ਕਰਦੇ ਹਾਂ? ਨਾਲੇ ਦੋ ਘੰਟੇ ਤੁਰਦੇ ਹਾਂ, ਨਾਲੇ ਫ਼ੋਨ ਕੰਨ 'ਤੇ ਲਾਇਆ ਹੋਇਆ ਹੈ, ਨਾਲੇ ਗੱਲਾਂ ਕਰਦੇ ਹਾਂ। ਦਿਮਾਗ਼ ਤਾਂ ਉੱਧਰ ਹੈ।","ਹੁਣ ਅਸੀਂ ਕੀ ਕਰਦੇ ਹਾਂ? ਨਾਲੇ ਦੋ ਘੰਟੇ ਤੁਰਦੇ ਹਾਂ, ਨਾਲੇ ਫ਼ੋਨ ਕੰਨ 'ਤੇ ਲਾਇਆ ਹੋਇਆ ਹੈ, ਨਾਲੇ ਗੱਲਾਂ ਕਰਦੇ ਹਾਂ। ਦਿਮਾਗ਼ ਤਾਂ ਉੱਧਰ ਹੈ।",10.91,https://www.youtube.com/watch?v=t6wXJUD4p40
wavs/spk1_male_0086.wav,spk1_male_orator,Bhai Ranjit Singh,male,"ਸਰੀਰ ਨਾਲ ਯੋਗਾ ਕਰਾਉਣ ਵਾਲੇ ਜਿਹੜੇ ਨੇ, ਉਹ ਕਹਿੰਦੇ ਨੇ ਫੀਲ ਕਰੋ।","ਸਰੀਰ ਨਾਲ ਯੋਗਾ ਕਰਾਉਣ ਵਾਲੇ ਜਿਹੜੇ ਨੇ, ਉਹ ਕਹਿੰਦੇ ਨੇ ਫੀਲ ਕਰੋ।",4.63,https://www.youtube.com/watch?v=t6wXJUD4p40
wavs/spk1_male_0087.wav,spk1_male_orator,Bhai Ranjit Singh,male,"ਤੁਸੀਂ ਕਿੱਥੇ-ਕਿੱਥੇ ਤੁਹਾਡੇ ਪ੍ਰੈਸ਼ਰ ਪੈ ਰਿਹਾ ਹੈ ਬੋਡੀ ਵਿੱਚ, ਉਹਦੇ 'ਤੇ ਕਿੱਥੇ-ਕਿੱਥੇ ਪ੍ਰੈਸ਼ਰ ਪੈਂਦਾ ਹੈ, ਜਦੋਂ ਫੀਲ ਕਰਦੇ ਹੋ ਤਾਂ ਅਸਰ ਹੁੰਦਾ ਹੈ।","ਤੁਸੀਂ ਕਿੱਥੇ ਕਿੱਥੇ ਤੁਹਾਡੇ ਪ੍ਰੈਸ਼ਰ ਪੈ ਰਿਹਾ ਹੈ ਬੋਡੀ ਵਿੱਚ, ਉਹਦੇ 'ਤੇ ਕਿੱਥੇ ਕਿੱਥੇ ਪ੍ਰੈਸ਼ਰ ਪੈਂਦਾ ਹੈ, ਜਦੋਂ ਫੀਲ ਕਰਦੇ ਹੋ ਤਾਂ ਅਸਰ ਹੁੰਦਾ ਹੈ।",10.15,https://www.youtube.com/watch?v=t6wXJUD4p40
wavs/spk1_male_0088.wav,spk1_male_orator,Bhai Ranjit Singh,male,"ਇਹ ਹਰ ਪੁਆਇੰਟ ਦੇ ਉੱਤੇ ਠੀਕ ਹੋ ਰਿਹਾ ਹੈ, ਹੁਣ ਇੱਥੇ ਹੋ ਰਿਹਾ ਹੈ। ਜਦੋਂ ਅਸੀਂ ਐਦਾਂ ਨਹੀਂ ਕਰਦੇ, ਤੁਰਦੇ ਹਾਂ ਪਰ ਧਿਆਨ ਕਿਤੇ ਹੋਰ ਹੈ, ਫਿਰ ਜਿਹੋ ਜਿਹਾ ਤੁਰਿਆ, ਜਿਹੋ ਜਿਹਾ ਨਾ ਤੁਰਿਆ।","ਇਹ ਹਰ ਪੁਆਇੰਟ ਦੇ ਉੱਤੇ ਠੀਕ ਹੋ ਰਿਹਾ ਹੈ, ਹੁਣ ਇੱਥੇ ਹੋ ਰਿਹਾ ਹੈ। ਜਦੋਂ ਅਸੀਂ ਐਦਾਂ ਨਹੀਂ ਕਰਦੇ, ਤੁਰਦੇ ਹਾਂ ਪਰ ਧਿਆਨ ਕਿਤੇ ਹੋਰ ਹੈ, ਫਿਰ ਜਿਹੋ ਜਿਹਾ ਤੁਰਿਆ, ਜਿਹੋ ਜਿਹਾ ਨਾ ਤੁਰਿਆ।",16.11,https://www.youtube.com/watch?v=t6wXJUD4p40
wavs/spk1_male_0089.wav,spk1_male_orator,Bhai Ranjit Singh,male,"ਫਿਰ ਅੱਧਾ ਘੰਟਾ ਤੁਰਨਾ ਵੀ ਦੋ ਘੰਟੇ ਤੁਰੇ ਵਰਗਾ ਹੈ। ਤੇ ਜੇ ਗੱਲਾਂ ਕਰਦੇ ਤੁਰਨਾ ਹੈ... ਹੁਣ ਆਪਾਂ ਇਕੱਲੇ ਤੁਰਦੇ ਹਾਂ, ਕੋਈ ਨਾਲ ਹੋਵੇ ਤਾਂ ਤੁਰਦੇ ਹਾਂ। ਮੈਂ ਵੀ ਅੱਗੇ ਚਾਰ ਬੰਦਿਆਂ ਨੂੰ ਨਾਲ ਲੈ ਕੇ ਤੁਰਦਾ ਸੀ, ਨਾਲੇ ਗੱਲਾਂ ਕਰੀ ਜਾਂਦੇ ਸੀ, ਕੋਈ ਮਸਲਾ ਛੇੜ ਲਈਏ... ਪਰ ਹੁਣ ਇਕੱਲੇ ਤੁਰਨਾ ਵਧੀਆ ਹੈ।","ਫਿਰ ਅੱਧਾ ਘੰਟਾ ਤੁਰਨਾ ਵੀ ਦੋ ਘੰਟੇ ਤੁਰੇ ਵਰਗਾ ਹੈ। ਤੇ ਜੇ ਗੱਲਾਂ ਕਰਦੇ ਤੁਰਨਾ ਹੈ... ਹੁਣ ਆਪਾਂ ਇਕੱਲੇ ਤੁਰਦੇ ਹਾਂ, ਕੋਈ ਨਾਲ ਹੋਵੇ ਤਾਂ ਤੁਰਦੇ ਹਾਂ। ਮੈਂ ਵੀ ਅੱਗੇ ਚਾਰ ਬੰਦਿਆਂ ਨੂੰ ਨਾਲ ਲੈ ਕੇ ਤੁਰਦਾ ਸੀ, ਨਾਲੇ ਗੱਲਾਂ ਕਰੀ ਜਾਂਦੇ ਸੀ, ਕੋਈ ਮਸਲਾ ਛੇੜ ਲਈਏ... ਪਰ ਹੁਣ ਇਕੱਲੇ ਤੁਰਨਾ ਵਧੀਆ ਹੈ।",30.3,https://www.youtube.com/watch?v=t6wXJUD4p40
wavs/spk1_male_0090.wav,spk1_male_orator,Bhai Ranjit Singh,male,"ਪਰ ਹੁਣ ਮੈਂ ਸੋਚਿਆ ਵੀ ਇਕੱਲੇ-ਇਕੱਲੇ ਹੀ ਤੁਰਨਾ ਵਧੀਆ ਹੈ ਅਰਾਮ ਨਾਲ। ਇਹ ਨੋਟ ਕਰਿਓ, ਇਹ ਕੰਮ ਕਰਨਾ, ਫ਼ਿਜ਼ੀਕਲੀ ਮਨ ਦੀ ਸ਼ਾਂਤੀ ਰੱਖਣੀ, ਖਾਣ 'ਤੇ ਕੰਟਰੋਲ ਤੇ ਕਾਬੂ ਰੱਖਣਾ ਹੈ, ਤੇ ਸਿਹਤ ਠੀਕ ਰਹੇਗੀ ਤਾਂ ਮਨ ਸ਼ਾਂਤ ਰਹੇਗਾ।","ਪਰ ਹੁਣ ਮੈਂ ਸੋਚਿਆ ਵੀ ਇਕੱਲੇ ਇਕੱਲੇ ਹੀ ਤੁਰਨਾ ਵਧੀਆ ਹੈ ਅਰਾਮ ਨਾਲ। ਇਹ ਨੋਟ ਕਰਿਓ, ਇਹ ਕੰਮ ਕਰਨਾ, ਫ਼ਿਜ਼ੀਕਲੀ ਮਨ ਦੀ ਸ਼ਾਂਤੀ ਰੱਖਣੀ, ਖਾਣ 'ਤੇ ਕੰਟਰੋਲ ਤੇ ਕਾਬੂ ਰੱਖਣਾ ਹੈ, ਤੇ ਸਿਹਤ ਠੀਕ ਰਹੇਗੀ ਤਾਂ ਮਨ ਸ਼ਾਂਤ ਰਹੇਗਾ।",17.19,https://www.youtube.com/watch?v=t6wXJUD4p40
wavs/spk1_male_0091.wav,spk1_male_orator,Bhai Ranjit Singh,male,"ਮਨ ਤਾਂ ਸ਼ਾਂਤ ਰਹਿਣਾ ਜੇ ਸਿਹਤ ਠੀਕ ਹੋਵੇ। ਜੇ ਮੇਰਾ ਸਿਰ ਦੁਖੀ ਜਾਵੇ, ਬਹੁਤ ਦਰਦ ਹੋ ਰਿਹਾ, ਪੇਨ ਹੋ ਰਹੀ, ਤਾਂ ਤੁਸੀਂ ਦੱਸੋ ਫਿਰ ਮੇਰਾ ਦੀਵਾਨ ਵਿੱਚ ਮਨ ਲੱਗੇਗਾ? ਕਿਉਂਕਿ ਤਨ ਰੋਗੀ ਤੇ ਮਨ ਰੋਗੀ, ਮਨ ਰੋਗੀ ਤੇ ਤਨ ਰੋਗੀ। ਸਮਝਦੇ ਹੋ? ਬੱਸ ਇਹ ਨੁਕਤੇ ਨੇ।","ਮਨ ਤਾਂ ਸ਼ਾਂਤ ਰਹਿਣਾ ਜੇ ਸਿਹਤ ਠੀਕ ਹੋਵੇ। ਜੇ ਮੇਰਾ ਸਿਰ ਦੁਖੀ ਜਾਵੇ, ਬਹੁਤ ਦਰਦ ਹੋ ਰਿਹਾ, ਪੇਨ ਹੋ ਰਹੀ, ਤਾਂ ਤੁਸੀਂ ਦੱਸੋ ਫਿਰ ਮੇਰਾ ਦੀਵਾਨ ਵਿੱਚ ਮਨ ਲੱਗੇਗਾ? ਕਿਉਂਕਿ ਤਨ ਰੋਗੀ ਤੇ ਮਨ ਰੋਗੀ, ਮਨ ਰੋਗੀ ਤੇ ਤਨ ਰੋਗੀ। ਸਮਝਦੇ ਹੋ? ਬੱਸ ਇਹ ਨੁਕਤੇ ਨੇ।",21.9,https://www.youtube.com/watch?v=t6wXJUD4p40
wavs/spk2_male_literary_0001.wav,spk2_male_literary,Dr. Surjit Patar,male,ਹਰ ਲੱਗੀ ਤੋ ਧਰਤੀ ਦਾ ਗੀਤ ਰਹੇਗਾ,ਹਰ ਲੱਗੀ ਤੋ ਧਰਤੀ ਦਾ ਗੀਤ ਰਹੇਗਾ,2.56,https://www.youtube.com/watch?v=aIWAq9kfj-U
wavs/spk2_male_literary_0002.wav,spk2_male_literary,Dr. Surjit Patar,male,ਅਮੜੀੈਨੂੰ ਾਖਣ ਲਗੀ ਤੁਤੀਾੀਰਹੇਗਾ ਪਦਮ ਸ਼੍ਰੀ ਹੋਕਿਪਾਤਨ ੂਨੇਰਾ ਸੁਰੀ,ਅਮੜੀੈਨੂੰ ਾਖਣ ਲਗੀ ਤੁਤੀਾੀਰਹੇਗਾ ਪਦਮ ਸ਼੍ਰੀ ਹੋਕਿਪਾਤਨ ੂਨੇਰਾ ਸੁਰੀ,22.59,https://www.youtube.com/watch?v=aIWAq9kfj-U
wavs/spk2_male_literary_0003.wav,spk2_male_literary,Dr. Surjit Patar,male,ਹਤ ਆਸਐਸਾਸ ਸੂ ਸ਼ਾਇਰਸਨ ਦ ਨਾ ਨਾ,ਹਤ ਆਸਐਸਾਸ ਸੂ ਸ਼ਾਇਰਸਨ ਦ ਨਾ ਨਾ,8.42,https://www.youtube.com/watch?v=aIWAq9kfj-U
wavs/spk2_male_literary_0004.wav,spk2_male_literary,Dr. Surjit Patar,male,ਗੱਲ ਕਹੀ ਕਿ ਸਾਇਦੀ ਤਨਹਾਈਕੀ ਰੋਣਕੈ ਐਸਲ ਕੀਂਲਿਨ ਜਦੋਂ ਇਵੋਜੀ ਮਾਫਲ ਹੋ ਗਈ ਫੇਰ,ਗੱਲ ਕਹੀ ਕਿ ਸਾਇਦੀ ਤਨਹਾਈਕੀ ਰੋਣਕੈ ਐਸਲ ਕੀਂਲਿਨ ਜਦੋਂ ਇਵੋਜੀ ਮਾਫਲ ਹੋ ਗਈ ਫੇਰ,8.76,https://www.youtube.com/watch?v=aIWAq9kfj-U
wavs/spk2_male_literary_0005.wav,spk2_male_literary,Dr. Surjit Patar,male,ਇਝ ਸੁਣ ਵਾਲੇ ਹੋਣ ਤਾਮਿ ਛੇ ਰੈ ਨਾ ਤੀਜੀ ਕਰਦਾ ਕਿਨਾੰ ਚਾਲੀ ਲਾਕੇ ਦੇਖੀ ਸ਼ਤਮੈਂ ਨਿਕਹਾ ਸੀ ਕਿ ਜਾਵਾਂ,ਇਝ ਸੁਣ ਵਾਲੇ ਹੋਣ ਤਾਮਿ ਛੇ ਰੈ ਨਾ ਤੀਜੀ ਕਰਦਾ ਕਿਨਾੰ ਚਾਲੀ ਲਾਕੇ ਦੇਖੀ ਸ਼ਤਮੈਂ ਨਿਕਹਾ ਸੀ ਕਿ ਜਾਵਾਂ,8.96,https://www.youtube.com/watch?v=aIWAq9kfj-U
wavs/spk2_male_literary_0006.wav,spk2_male_literary,Dr. Surjit Patar,male,ਨੈਣਾ ਤਰ ਵਿਚ ਦੀ ਾਵਾਂ ਜਾਮਾਂ ਨਿਕਾਂ ਧੇਰਂ ਵਿਚ ੇ ਖਾਮਾਂ,ਨੈਣਾ ਤਰ ਵਿਚ ਦੀ ਾਵਾਂ ਜਾਮਾਂ ਨਿਕਾਂ ਧੇਰਂ ਵਿਚ ੇ ਖਾਮਾਂ,4.92,https://www.youtube.com/watch?v=aIWAq9kfj-U
wavs/spk2_male_literary_0007.wav,spk2_male_literary,Dr. Surjit Patar,male,ਮੈਂ ਅਜ ਜੂਦਾ ਜਾਂ ਕਿ ਮਨਗੀਆਂ ਆਾਕਿਨੇ ਸੂਰ ਚ,ਮੈਂ ਅਜ ਜੂਦਾ ਜਾਂ ਕਿ ਮਨਗੀਆਂ ਆਾਕਿਨੇ ਸੂਰ ਚ,8.86,https://www.youtube.com/watch?v=aIWAq9kfj-U
wavs/spk2_male_literary_0008.wav,spk2_male_literary,Dr. Surjit Patar,male,ਦੁੱਬੇ ਮੇਰੇ ਸੀਨੇ ਵਿੱਚ ਕਿੰਨੇ ਸੂਰ ਵਚ ਦੁੱਬੇ ਮੇਰੇ ਸੀਨੇ ਵਿੱਚ ਚਾਲਣ ਚਾਹੀ ਦਾਤਾ ਹਿਰਦਾ ਖੋਲ੍ਾਂ ਮੇ,ਦੁੱਬੇ ਮੇਰੇ ਸੀਨੇ ਵਿੱਚ ਕਿੰਨੇ ਸੂਰ ਵਚ ਦੁੱਬੇ ਮੇਰੇ ਸੀਨੇ ਵਿੱਚ ਚਾਲਣ ਚਾਹੀ ਦਾਤਾ ਹਿਰਦਾ ਖੋਲ੍ਾਂ ਮੇ,6.88,https://www.youtube.com/watch?v=aIWAq9kfj-U
wavs/spk2_male_literary_0009.wav,spk2_male_literary,Dr. Surjit Patar,male,ਿੰਨੇ ਸਟੂਜ ਡੁਬੇ ਮੇਰੇ ਸੀਨੀਅਰ ਵਿਚ ਚਾਨ ਚਾਹੀਦਾਤਾਂ ਸੀਨਾ ਖੁੱਲਾਂ ਮੈਂ,ਿੰਨੇ ਸਟੂਜ ਡੁਬੇ ਮੇਰੇ ਸੀਨੀਅਰ ਵਿਚ ਚਾਨ ਚਾਹੀਦਾਤਾਂ ਸੀਨਾ ਖੁੱਲਾਂ ਮੈਂ,8.26,https://www.youtube.com/watch?v=aIWAq9kfj-U
wavs/spk2_male_literary_0010.wav,spk2_male_literary,Dr. Surjit Patar,male,ਕਵਿਤਾ ਅਕਸਰ ਕਵੀ ਨੂੰ ਕੇਂੀ ਲਿੰਦੀ ਹੈ,ਕਵਿਤਾ ਅਕਸਰ ਕਵੀ ਨੂੰ ਕੇਂੀ ਲਿੰਦੀ ਹੈ,3.21,https://www.youtube.com/watch?v=aIWAq9kfj-U
wavs/spk2_male_literary_0011.wav,spk2_male_literary,Dr. Surjit Patar,male,ਕਵੀਜਿਤੋ ਚੋਗਨਾ ਬੁਲਾਨਾਾਾਚੋਕਿਰਾਵਭਾੈੁਨਨਾਈ,ਕਵੀਜਿਤੋ ਚੋਗਨਾ ਬੁਲਾਨਾਾਾਚੋਕਿਰਾਵਭਾੈੁਨਨਾਈ,16.05,https://www.youtube.com/watch?v=aIWAq9kfj-U
wavs/spk2_male_literary_0012.wav,spk2_male_literary,Dr. Surjit Patar,male,ਨਵੀਆਂ ਪੁਰਾਣੀਆਂ ਨਜਲਾ ਮਨਾ ਕੇ ਚੁਾਾ ਖੁਸ਼ੀਗਾਰ ਨਜ਼ਮਾਨ ਮੰਤਰੀੀ ਕਰਦੂ ਤੀ ਕਿਤਾ ਤੱਕ ਦੇਖਾ ਆਬਾ,ਨਵੀਆਂ ਪੁਰਾਣੀਆਂ ਨਜਲਾ ਮਨਾ ਕੇ ਚੁਾਾ ਖੁਸ਼ੀਗਾਰ ਨਜ਼ਮਾਨ ਮੰਤਰੀੀ ਕਰਦੂ ਤੀ ਕਿਤਾ ਤੱਕ ਦੇਖਾ ਆਬਾ,8.2,https://www.youtube.com/watch?v=aIWAq9kfj-U
wavs/spk2_male_literary_0013.wav,spk2_male_literary,Dr. Surjit Patar,male,ਮਤਿਰੇ ਦਰਦ ਨੂੰ ਤਿਲੀ ਕਿਤਾ ਤੱਕ ਦੇਖਾਂ ਤੇ ਉਸਕਿਤਾਮ ਨੂੰ ਬਿੰ ਕਨਾ ਤੱਕ ਦੀਤਮਨੂੰ ਮਿੱਟੀ ਬਣਾਇਆ,ਮਤਿਰੇ ਦਰਦ ਨੂੰ ਤਿਲੀ ਕਿਤਾ ਤੱਕ ਦੇਖਾਂ ਤੇ ਉਸਕਿਤਾਮ ਨੂੰ ਬਿੰ ਕਨਾ ਤੱਕ ਦੀਤਮਨੂੰ ਮਿੱਟੀ ਬਣਾਇਆ,9.69,https://www.youtube.com/watch?v=aIWAq9kfj-U
wavs/spk2_male_literary_0014.wav,spk2_male_literary,Dr. Surjit Patar,male,ਤਾਹੇ ਅਸੀਸਬੀ ਦੇ ਤੁਮਿਲੂ ਮਿੱਟੀ ਬਣਾਇਆ ਤਾ ਐੀਸੀ ਦੇ,ਤਾਹੇ ਅਸੀਸਬੀ ਦੇ ਤੁਮਿਲੂ ਮਿੱਟੀ ਬਣਾਇਆ ਤਾ ਐੀਸੀ ਦੇ,4.97,https://www.youtube.com/watch?v=aIWAq9kfj-U
wavs/spk2_male_literary_0015.wav,spk2_male_literary,Dr. Surjit Patar,male,ਮੈਂ ਮੁੱਗ ਦੇ ਬੀਜ ਨੂੰ ਖੇੜ ਦੀ ਗੁਲਾਬ ਤੱਕ ਦੇਖਾ ਬਾਮੁਗਦੇਬੀਜ ਨੂੰ ਖੜ ਦੇ ਬੁਲਾਬ ਤੱਕ ਦੇਖਾ,ਮੈਂ ਮੁੱਗ ਦੇ ਬੀਜ ਨੂੰ ਖੇੜ ਦੀ ਗੁਲਾਬ ਤੱਕ ਦੇਖਾ ਬਾਮੁਗਦੇਬੀਜ ਨੂੰ ਖੜ ਦੇ ਬੁਲਾਬ ਤੱਕ ਦੇਖਾ,7.66,https://www.youtube.com/watch?v=aIWAq9kfj-U
wavs/spk2_male_literary_0016.wav,spk2_male_literary,Dr. Surjit Patar,male,ਮੈਂਬਾਈਪੁਰ ਨੇ ਧੇਰ ਲਈ ਦਦਿਲ ਚ ਕਿਹਾਂ ੈਂਾਈ ਪੁਰ ਨੇ ਧੇਰੇ ਲਈ ਦਿਿਲ ਚਚਿਹਾਂ,ਮੈਂਬਾਈਪੁਰ ਨੇ ਧੇਰ ਲਈ ਦਦਿਲ ਚ ਕਿਹਾਂ ੈਂਾਈ ਪੁਰ ਨੇ ਧੇਰੇ ਲਈ ਦਿਿਲ ਚਚਿਹਾਂ,6.98,https://www.youtube.com/watch?v=aIWAq9kfj-U
wavs/spk2_male_literary_0017.wav,spk2_male_literary,Dr. Surjit Patar,male,ਨਤੀਰੀ ਧੂਤ ਲਈ ਕਿਤਾਵ ਤੰਤ ਦੀ ੋਚੂ ਨੀ ਤਿਤਾ ਦਥਾਨ ਹ ਇੱਕ ਵੱਖ ਵੇਰ ੰ ਦਸ਼ੀਰਾਂ,ਨਤੀਰੀ ਧੂਤ ਲਈ ਕਿਤਾਵ ਤੰਤ ਦੀ ੋਚੂ ਨੀ ਤਿਤਾ ਦਥਾਨ ਹ ਇੱਕ ਵੱਖ ਵੇਰ ੰ ਦਸ਼ੀਰਾਂ,8.16,https://www.youtube.com/watch?v=aIWAq9kfj-U
wavs/spk2_male_literary_0018.wav,spk2_male_literary,Dr. Surjit Patar,male,ਤੇਮਿਰੀਸ਼ਹ ਰੁਕਾਲੀ ਚਸ਼ਮੀਨਾ ਨਾ ਹੀ ਤਿਮਰੀ ਰਹੀ ਮੈ ਤਿਰੇ ਨੈਣ ਤਾਕੀ ਤੇ ਹਾਤਕਦੇ,ਤੇਮਿਰੀਸ਼ਹ ਰੁਕਾਲੀ ਚਸ਼ਮੀਨਾ ਨਾ ਹੀ ਤਿਮਰੀ ਰਹੀ ਮੈ ਤਿਰੇ ਨੈਣ ਤਾਕੀ ਤੇ ਹਾਤਕਦੇ,13.27,https://www.youtube.com/watch?v=aIWAq9kfj-U
wavs/spk2_male_literary_0019.wav,spk2_male_literary,Dr. Surjit Patar,male,ਇੱਕਜ਼ਿਲਹੈ ਕਿ ਨਵੀਂ ਗਜਿਲਹ ਹੈ,ਇੱਕਜ਼ਿਲਹੈ ਕਿ ਨਵੀਂ ਗਜਿਲਹ ਹੈ,3.71,https://www.youtube.com/watch?v=aIWAq9kfj-U
wavs/spk2_male_literary_0020.wav,spk2_male_literary,Dr. Surjit Patar,male,ੋ ਇਥੇ ਮੈ ਅਜ ਮੋਣੀ ਠੀਕ ਸਮੰ ਲਇਆ ਭਾ ਿਆ ਅਿਚ ੁਚਅਜ ਮਤਲਾ ਦਾ ਕੋਈ ਨਹੀਂ ਸ਼ੇਸਲਾ ਸੀ ਕਿ,ੋ ਇਥੇ ਮੈ ਅਜ ਮੋਣੀ ਠੀਕ ਸਮੰ ਲਇਆ ਭਾ ਿਆ ਅਿਚ ੁਚਅਜ ਮਤਲਾ ਦਾ ਕੋਈ ਨਹੀਂ ਸ਼ੇਸਲਾ ਸੀ ਕਿ,9.14,https://www.youtube.com/watch?v=aIWAq9kfj-U
wavs/spk2_male_literary_0021.wav,spk2_male_literary,Dr. Surjit Patar,male,ੱਜ ਕੀ ਹੁਕਮ ਹੈ ਕੇੜੀ ਮੰਜਲ ਅੱਜ ਕਿਤਰ ਨੂੰ ਜਾਣਾ ਰੂਸ ਸਵੇਰੇ ਰੂਹ ਨੂੰ ਪੁੱਚੀਗੇ ਅਸੀ ਰੂਹ ਦੇ ਧੁਰਮ ਕਰ ਨਦੇ,ੱਜ ਕੀ ਹੁਕਮ ਹੈ ਕੇੜੀ ਮੰਜਲ ਅੱਜ ਕਿਤਰ ਨੂੰ ਜਾਣਾ ਰੂਸ ਸਵੇਰੇ ਰੂਹ ਨੂੰ ਪੁੱਚੀਗੇ ਅਸੀ ਰੂਹ ਦੇ ਧੁਰਮ ਕਰ ਨਦੇ,7.62,https://www.youtube.com/watch?v=aIWAq9kfj-U
wavs/spk2_male_literary_0022.wav,spk2_male_literary,Dr. Surjit Patar,male,ਓਿਰਕੇ ਮੁਖੜਾ ਚੰਦ ਬਧਨ ਧਰਿਆ ਹੈ ਸ ਨੇਡੂੰਘੀਆਂ ਸ਼ਾਮਾਂ ਮੁੱਖੜਾ ਚੰਦ,ਓਿਰਕੇ ਮੁਖੜਾ ਚੰਦ ਬਧਨ ਧਰਿਆ ਹੈ ਸ ਨੇਡੂੰਘੀਆਂ ਸ਼ਾਮਾਂ ਮੁੱਖੜਾ ਚੰਦ,7.12,https://www.youtube.com/watch?v=aIWAq9kfj-U
wavs/spk2_male_literary_0023.wav,spk2_male_literary,Dr. Surjit Patar,male,ਪਧਨ ਦਰਿਆ ਕੇਸ ਨੇਟੂਗੀਆਂ ਸ਼ਾਮਾਂ,ਪਧਨ ਦਰਿਆ ਕੇਸ ਨੇਟੂਗੀਆਂ ਸ਼ਾਮਾਂ,3.01,https://www.youtube.com/watch?v=aIWAq9kfj-U
wavs/spk2_male_literary_0024.wav,spk2_male_literary,Dr. Surjit Patar,male,ਰਾਬਤੀ ਸੋਨੀ ਰਚਨਾ ਸਾਮੇ ਲਵਸਮੇੇਸ਼ ਦ ਓਰਿਖਸੀ ਰਿਹਾ ਕਿ ਮਹਿਰਮਰਾਜ ਚੋਹੇ ਕੋਈ,ਰਾਬਤੀ ਸੋਨੀ ਰਚਨਾ ਸਾਮੇ ਲਵਸਮੇੇਸ਼ ਦ ਓਰਿਖਸੀ ਰਿਹਾ ਕਿ ਮਹਿਰਮਰਾਜ ਚੋਹੇ ਕੋਈ,9.7,https://www.youtube.com/watch?v=aIWAq9kfj-U
wavs/spk2_male_literary_0025.wav,spk2_male_literary,Dr. Surjit Patar,male,ਮਹਿਮਰਾਜ ਦੇ ੋਹੇ ਕੋਈ ਆੇ ਹ ਖੁੱਲ ਜਾਂਦੀ ਮਹਿਮਰਾ ਦੀ ਚੋਹੇ ਕੋਈ ਪੇਹੀ ਖੁੱਲ ਜਾਂਦੀ,ਮਹਿਮਰਾਜ ਦੇ ੋਹੇ ਕੋਈ ਆੇ ਹ ਖੁੱਲ ਜਾਂਦੀ ਮਹਿਮਰਾ ਦੀ ਚੋਹੇ ਕੋਈ ਪੇਹੀ ਖੁੱਲ ਜਾਂਦੀ,8.15,https://www.youtube.com/watch?v=aIWAq9kfj-U
wavs/spk2_male_literary_0026.wav,spk2_male_literary,Dr. Surjit Patar,male,ਚੱਪੀ ਨਾਲਨੀ ਖੁੱਲ ਦੇ ਇਦਲ ਨੰਬਰਾ ਵਾਨੇ ਜਿੀਤੇ,ਚੱਪੀ ਨਾਲਨੀ ਖੁੱਲ ਦੇ ਇਦਲ ਨੰਬਰਾ ਵਾਨੇ ਜਿੀਤੇ,3.17,https://www.youtube.com/watch?v=aIWAq9kfj-U
wavs/spk2_male_literary_0027.wav,spk2_male_literary,Dr. Surjit Patar,male,ਛਾਕੀਚਬੀ ਨਾਨੀ ਕੁਲਦ ਨੰਮਰਾ ਮਾਬਹੁਰਦਾਸੀ ਸ਼ੇਰਕੀ,ਛਾਕੀਚਬੀ ਨਾਨੀ ਕੁਲਦ ਨੰਮਰਾ ਮਾਬਹੁਰਦਾਸੀ ਸ਼ੇਰਕੀ,9.51,https://www.youtube.com/watch?v=aIWAq9kfj-U
wavs/spk2_male_literary_0028.wav,spk2_male_literary,Dr. Surjit Patar,male,ਜਿੱਥੇ ਦਿਨਾਂ ਚ ਥਾ ਨਾ ਹੋ ਈ ਉੱਥੇ ਨਹੀਂ ਮਤਣਜੇ ਜਿੱਥੇ ਦਿਨਾਂ ਿਚ ਾ ਨਾ ਹੋੇ ਉੱਥੇ ਨਹੀਂ ਉੱਤਰ ਦੇ ਸਿਰਵ ਤੋਂ ਦੀ ਨਹੀ ਜਾਂਦੇ ਨ,ਜਿੱਥੇ ਦਿਨਾਂ ਚ ਥਾ ਨਾ ਹੋ ਈ ਉੱਥੇ ਨਹੀਂ ਮਤਣਜੇ ਜਿੱਥੇ ਦਿਨਾਂ ਿਚ ਾ ਨਾ ਹੋੇ ਉੱਥੇ ਨਹੀਂ ਉੱਤਰ ਦੇ ਸਿਰਵ ਤੋਂ ਦੀ ਨਹੀ ਜਾਂਦੇ ਨ,8.98,https://www.youtube.com/watch?v=aIWAq9kfj-U
wavs/spk3_female_broadcaster_0001.wav,spk3_female_broadcaster,BBC Punjabi Broadcaster,female,ੈੰਡ ਹੁੰਦੀ ਜਾ ਰਹੀਜ ਮਾਮਲਾ ਕੁਝ ਹੋਰ ਇਹ ਡਾਟਾ ਪੀਸਾਸਾ ਯਾਨੀ ਪ੍ਰੋਗਰਾਮ ਫੌਰ ਇੰਟਰਨੈਸ਼ਨਲ ਸਟੂਡਜੋ ਪੱਚੀ ਸਾਲ ਪਹਿਲਾਂ ਸ਼ੁਰੂ ਹੋਏ ਤੇ ਹਰ ਤਿੰਨ ਸਾਲ,ੈੰਡ ਹੁੰਦੀ ਜਾ ਰਹੀਜ ਮਾਮਲਾ ਕੁਝ ਹੋਰ ਇਹ ਡਾਟਾ ਪੀਸਾਸਾ ਯਾਨੀ ਪ੍ਰੋਗਰਾਮ ਫੌਰ ਇੰਟਰਨੈਸ਼ਨਲ ਸਟੂਡਜੋ ਪੱਚੀ ਸਾਲ ਪਹਿਲਾਂ ਸ਼ੁਰੂ ਹੋਏ ਤੇ ਹਰ ਤਿੰਨ ਸਾਲ,7.75,https://www.youtube.com/watch?v=yj8OHgeM_3k
wavs/spk3_female_broadcaster_0002.wav,spk3_female_broadcaster,BBC Punjabi Broadcaster,female,ਤੇ ਹੁਣ ਇਕਿਆਨਵੇਂ ਦੇਸ਼ਾਂ ਦੇ ਕਰੀਬ ਸਾਢੇ ਸੱਤ ਲੱਖੂਡੇਡ ਟੈਸ ਵਰੇ ਕੋਈ ਆਈਕਿਯੂ ਟੈਸਟਹ ਟੈਸਟ ਇਹ ਪਤਾ ਲਗਾਉਣ ਲਈ ਹੁੰਦਾ ਹੈ ਕਿ ਬੱਚੇ ਦੁਨੀਆ ਦੀ ਇਸਲੀ ਪ੍ਰੋਬਲਮ ਸਾਲਵ ਕਰਨ ਲਈ ਮੈਚ ਸਾਇ,ਤੇ ਹੁਣ ਇਕਿਆਨਵੇਂ ਦੇਸ਼ਾਂ ਦੇ ਕਰੀਬ ਸਾਢੇ ਸੱਤ ਲੱਖੂਡੇਡ ਟੈਸ ਵਰੇ ਕੋਈ ਆਈਕਿਯੂ ਟੈਸਟਹ ਟੈਸਟ ਇਹ ਪਤਾ ਲਗਾਉਣ ਲਈ ਹੁੰਦਾ ਹੈ ਕਿ ਬੱਚੇ ਦੁਨੀਆ ਦੀ ਇਸਲੀ ਪ੍ਰੋਬਲਮ ਸਾਲਵ ਕਰਨ ਲਈ ਮੈਚ ਸਾਇ,8.62,https://www.youtube.com/watch?v=yj8OHgeM_3k
wavs/spk3_female_broadcaster_0003.wav,spk3_female_broadcaster,BBC Punjabi Broadcaster,female,ਤੇ ਰੀਡਿੰਗ ਦੀ ਵਰਤੋਂ ਕਰ ਸਕਦੇ ਹਾਨ ਜਨ ਤੇ ਜੇਕਰ ਤੁਸੀਂ ਇਹਨਾਂ ਤੀਹ ਦੇਸ਼ਾਂ ਦੇ ਨਤੀਜਿਆਂ ਦਾ ਐਵਰੇਜ ਦੇਖੋ ਗਏ ਜੋ ਪਹਿਲੇ ਸਾਲ ਤੋਂ ਹੀ ਇਸ ਟੈਸਟ ਵਿੱਚ ਹਿੱਸਾ ਲੈ ਰਹੇ ਹਾਨ ਤੱਕ ਗ੍ਰਾਫ ਹੇਠਾਂ ਜਾ ਰਿਹਾ,ਤੇ ਰੀਡਿੰਗ ਦੀ ਵਰਤੋਂ ਕਰ ਸਕਦੇ ਹਾਨ ਜਨ ਤੇ ਜੇਕਰ ਤੁਸੀਂ ਇਹਨਾਂ ਤੀਹ ਦੇਸ਼ਾਂ ਦੇ ਨਤੀਜਿਆਂ ਦਾ ਐਵਰੇਜ ਦੇਖੋ ਗਏ ਜੋ ਪਹਿਲੇ ਸਾਲ ਤੋਂ ਹੀ ਇਸ ਟੈਸਟ ਵਿੱਚ ਹਿੱਸਾ ਲੈ ਰਹੇ ਹਾਨ ਤੱਕ ਗ੍ਰਾਫ ਹੇਠਾਂ ਜਾ ਰਿਹਾ,9.05,https://www.youtube.com/watch?v=yj8OHgeM_3k
wavs/spk3_female_broadcaster_0004.wav,spk3_female_broadcaster,BBC Punjabi Broadcaster,female,ਸਾਡੇ ਪੀੜੀ ਨੂੰ ਪ੍ਰਭਾਵਿਤ ਕਰਨ ਵਾਲੇ ਇਨੇ ਸਾਰੇ ਸਿਸਟਮ ਨਾਲ ਜੁੜੇ ਕਾਰਨ ਹਣ ਕ ਜਿਨਾਂ ਕਰਕੇ ਦੂਜੀਆਂ ਪੀੜੀਆਂ ਦੀ ਤੁੱਲਣਾਂ ਵਿੱਚ ਸਾਡੇ ਲਈ ਸਿੱਖਣਾ ਬਹੁਤ ਮੁਸ਼ਕਿਲ ਹੋ ਗਿਆ ਹੈ ਦ ਜਨਵੇਸ਼ਨ ਕੋਵਿੰਡ ਨੂੰ ਕਈ ਲੋ,ਸਾਡੇ ਪੀੜੀ ਨੂੰ ਪ੍ਰਭਾਵਿਤ ਕਰਨ ਵਾਲੇ ਇਨੇ ਸਾਰੇ ਸਿਸਟਮ ਨਾਲ ਜੁੜੇ ਕਾਰਨ ਹਣ ਕ ਜਿਨਾਂ ਕਰਕੇ ਦੂਜੀਆਂ ਪੀੜੀਆਂ ਦੀ ਤੁੱਲਣਾਂ ਵਿੱਚ ਸਾਡੇ ਲਈ ਸਿੱਖਣਾ ਬਹੁਤ ਮੁਸ਼ਕਿਲ ਹੋ ਗਿਆ ਹੈ ਦ ਜਨਵੇਸ਼ਨ ਕੋਵਿੰਡ ਨੂੰ ਕਈ ਲੋ,9.95,https://www.youtube.com/watch?v=yj8OHgeM_3k
wavs/spk3_female_broadcaster_0005.wav,spk3_female_broadcaster,BBC Punjabi Broadcaster,female,ਵੱਡਾ ਕਾਰਨ ਜੈਨਜੀ ਓਹ ਹਨ ਜੋਂ ਉੱਨੀ ਸੌ ਸਤਨਵੇਂ ਤੋਂ ਲੈ ਕੇ ਦੋ ਹਜਾਰ ਬਾਰਾਂ ਪੈਦਾਯਾਨੀ ਕਿ ਇਸ ਪੀੜੀ ਦੇ ਬਚ ਕੋਵਿਡ ਦੌਰਾ ੋਲ ੇਵਕੋਵਿਡ ਨੇ ਸਾਡੇ ਬੱਚਿਆਂ ਦੀ ਜ਼ਿੰਦਗੀ ਨੂੰ ਬਹੁਤ ਪ੍ਰਭਾਵ,ਵੱਡਾ ਕਾਰਨ ਜੈਨਜੀ ਓਹ ਹਨ ਜੋਂ ਉੱਨੀ ਸੌ ਸਤਨਵੇਂ ਤੋਂ ਲੈ ਕੇ ਦੋ ਹਜਾਰ ਬਾਰਾਂ ਪੈਦਾਯਾਨੀ ਕਿ ਇਸ ਪੀੜੀ ਦੇ ਬਚ ਕੋਵਿਡ ਦੌਰਾ ੋਲ ੇਵਕੋਵਿਡ ਨੇ ਸਾਡੇ ਬੱਚਿਆਂ ਦੀ ਜ਼ਿੰਦਗੀ ਨੂੰ ਬਹੁਤ ਪ੍ਰਭਾਵ,9.0,https://www.youtube.com/watch?v=yj8OHgeM_3k
wavs/spk3_female_broadcaster_0006.wav,spk3_female_broadcaster,BBC Punjabi Broadcaster,female,ਕੂਲ ਬੰਦ ਹੋਣ ਤੋਂ ਲੈ ਕੇ ਪਰਿਵਾਰ ਅਤੇ ਸਮਾਜ ਹਰ ਪੱਧਰ ਤੇ ਮੁਸ਼ਕਿਲਾਂ ਆਈਆਂ ਹਨ ਐਨਨੇ ਲੰਬੇ ਸਮੇਂ ਦੇ ਰੁਝਾਨਾ ਵਿੱਚ ਕੋਵਿਡ ਦਾ ਅਸਰ ਨਾ ਦੇ ਸਨਾ ਹਰਾਨੀ ਵਾਲੀ ਗੱਲ,ਕੂਲ ਬੰਦ ਹੋਣ ਤੋਂ ਲੈ ਕੇ ਪਰਿਵਾਰ ਅਤੇ ਸਮਾਜ ਹਰ ਪੱਧਰ ਤੇ ਮੁਸ਼ਕਿਲਾਂ ਆਈਆਂ ਹਨ ਐਨਨੇ ਲੰਬੇ ਸਮੇਂ ਦੇ ਰੁਝਾਨਾ ਵਿੱਚ ਕੋਵਿਡ ਦਾ ਅਸਰ ਨਾ ਦੇ ਸਨਾ ਹਰਾਨੀ ਵਾਲੀ ਗੱਲ,9.17,https://www.youtube.com/watch?v=yj8OHgeM_3k
wavs/spk3_female_broadcaster_0007.wav,spk3_female_broadcaster,BBC Punjabi Broadcaster,female,ਪਰਇਹਨਾਂ ਟਰੈਡਸ ਨੂੰ ਇਕ ਵਾਰ ਫਿਰ ਖੋਜ ਕਾਰਾਂ ਦਾ ਕਹਿਣਾ ਹੈ ਕਿ ਜਦੋਂ ਕੋਵਿਡ ਆਇਆ ਸ ਤਾ ਰਿਜ਼ਲਟ ਸ਼ੁਰੂ ਹਉਹਨਾਂ ਦਾ ਮੰਨਣਾ ਹੈ ਕਿ ਕੋਵਿਡ ਦਾ ਅਜ਼ਰ ਜ਼ਰੂਰ ਹੋਇਆ ਅਤੇ ਪੂਰੀ ਕਹਨਹੀਂ ਫਿਰ ਅਮਰੀਕਾ ਦੇ ਇੱਕ ਨਿਊਰੋ ਸਾਇਨਟਿਸ,ਪਰਇਹਨਾਂ ਟਰੈਡਸ ਨੂੰ ਇਕ ਵਾਰ ਫਿਰ ਖੋਜ ਕਾਰਾਂ ਦਾ ਕਹਿਣਾ ਹੈ ਕਿ ਜਦੋਂ ਕੋਵਿਡ ਆਇਆ ਸ ਤਾ ਰਿਜ਼ਲਟ ਸ਼ੁਰੂ ਹਉਹਨਾਂ ਦਾ ਮੰਨਣਾ ਹੈ ਕਿ ਕੋਵਿਡ ਦਾ ਅਜ਼ਰ ਜ਼ਰੂਰ ਹੋਇਆ ਅਤੇ ਪੂਰੀ ਕਹਨਹੀਂ ਫਿਰ ਅਮਰੀਕਾ ਦੇ ਇੱਕ ਨਿਊਰੋ ਸਾਇਨਟਿਸ,9.69,https://www.youtube.com/watch?v=yj8OHgeM_3k
wavs/spk3_female_broadcaster_0008.wav,spk3_female_broadcaster,BBC Punjabi Broadcaster,female,ਚੜਜੋ ਕਾਫੀਓ ਕੀ ਹੋਇਆ ਦੋਜਾ ਦਸ ਦੇ ਨੇੜੇ ਧੇੜੇ ਅਜਿਹਾ ਖੀਹ ਹੋਇਆ ਜਿਸਨੇ ਸਕੂਲ ਦੀ ਪੜਾਈਅਤੇ ਦਿਮਾਗੀ ਵਿਕਾਸ ਦੇ ਵਿਚਾੜੇ ਦਾ ਸਬੰਧ ਤੋੜ,ਚੜਜੋ ਕਾਫੀਓ ਕੀ ਹੋਇਆ ਦੋਜਾ ਦਸ ਦੇ ਨੇੜੇ ਧੇੜੇ ਅਜਿਹਾ ਖੀਹ ਹੋਇਆ ਜਿਸਨੇ ਸਕੂਲ ਦੀ ਪੜਾਈਅਤੇ ਦਿਮਾਗੀ ਵਿਕਾਸ ਦੇ ਵਿਚਾੜੇ ਦਾ ਸਬੰਧ ਤੋੜ,7.64,https://www.youtube.com/watch?v=yj8OHgeM_3k
wavs/spk3_female_broadcaster_0009.wav,spk3_female_broadcaster,BBC Punjabi Broadcaster,female,ਇ ਸਕੂਲਾਂ ਕਾਰਨ ਤਾ ਨਹੀਂ ਹੋ ਸਕਦਾ ਕਿਉਂਕਿ ਸਕੂਲ ਤਾਂ ਮੋਲ ਰੂਪ ਤੋਂ ਕਸੇ ਤਰ੍ਹਾਂ ਹੀ ਦਿਖਤ ਬਾਇਲੋਜੀ ਕਾਰਨ ਵੀ ਨਹੀਂ ਹ,ਇ ਸਕੂਲਾਂ ਕਾਰਨ ਤਾ ਨਹੀਂ ਹੋ ਸਕਦਾ ਕਿਉਂਕਿ ਸਕੂਲ ਤਾਂ ਮੋਲ ਰੂਪ ਤੋਂ ਕਸੇ ਤਰ੍ਹਾਂ ਹੀ ਦਿਖਤ ਬਾਇਲੋਜੀ ਕਾਰਨ ਵੀ ਨਹੀਂ ਹ,5.78,https://www.youtube.com/watch?v=yj8OHgeM_3k
wavs/spk3_female_broadcaster_0010.wav,spk3_female_broadcaster,BBC Punjabi Broadcaster,female,ਇਹਨਾਂ ਦੇ ਥਿਉਰੀ ਹੈ ਕਿ ਕਿਤਾਬਾ ਦੀ ਥਾਂ ਸਕੂਲਾਂ ਵਿੱਚ ਲੈਪ ਟੋਪ ਤੇ ਟੈਬਲੇਟਸ ਨਾਲ ਹੋਣ ਵਾਲੀ ਪੜ੍ਾਈ ਦਾ ਅਸਰ ਟੈਸਟ ਸਕੋਰ ਅਤੇ ਕੁਝ ਅਜਿਹੇ ਵਿਗਿਆਨਿਕ ਸਬੂਤ ਵਿਹਾਨ ਤਾਬ ਪੜਨ ਕਾਗਾਜੂਤੇ ਲ,ਇਹਨਾਂ ਦੇ ਥਿਉਰੀ ਹੈ ਕਿ ਕਿਤਾਬਾ ਦੀ ਥਾਂ ਸਕੂਲਾਂ ਵਿੱਚ ਲੈਪ ਟੋਪ ਤੇ ਟੈਬਲੇਟਸ ਨਾਲ ਹੋਣ ਵਾਲੀ ਪੜ੍ਾਈ ਦਾ ਅਸਰ ਟੈਸਟ ਸਕੋਰ ਅਤੇ ਕੁਝ ਅਜਿਹੇ ਵਿਗਿਆਨਿਕ ਸਬੂਤ ਵਿਹਾਨ ਤਾਬ ਪੜਨ ਕਾਗਾਜੂਤੇ ਲ,9.67,https://www.youtube.com/watch?v=yj8OHgeM_3k
wavs/spk3_female_broadcaster_0011.wav,spk3_female_broadcaster,BBC Punjabi Broadcaster,female,ਪੁਲਣਾ ਵੇਕਰੀਨ ਦੇ ਵਰਤੋਂ ਕਰਨ ਨਾਲ ਤੋਂ ਹਾਡੇ ਦੀ ਮਾਗ ਦੀ ਜਾਣਕਾਰੀ ਯਾਦ ਤਰੀਕੇ ਉਅਸਰ ਪੀਸ ਸਟੜੀ ਦੇ ਹੈਡ ਦਾ ਕਹਿਣਾ ਹੈ ਕਿ ਹੋ ਸਕਦਾ ਹੈ ਕਿ ਸਾਨੂੰ ਨਤੀਜਿਆਂ ਵਿੱਚਵੀਆਲਿਫਾਨ ਇਨੂ,ਪੁਲਣਾ ਵੇਕਰੀਨ ਦੇ ਵਰਤੋਂ ਕਰਨ ਨਾਲ ਤੋਂ ਹਾਡੇ ਦੀ ਮਾਗ ਦੀ ਜਾਣਕਾਰੀ ਯਾਦ ਤਰੀਕੇ ਉਅਸਰ ਪੀਸ ਸਟੜੀ ਦੇ ਹੈਡ ਦਾ ਕਹਿਣਾ ਹੈ ਕਿ ਹੋ ਸਕਦਾ ਹੈ ਕਿ ਸਾਨੂੰ ਨਤੀਜਿਆਂ ਵਿੱਚਵੀਆਲਿਫਾਨ ਇਨੂ,8.45,https://www.youtube.com/watch?v=yj8OHgeM_3k
wavs/spk3_female_broadcaster_0012.wav,spk3_female_broadcaster,BBC Punjabi Broadcaster,female,ਅਸਲ ਵਿੱਚ ਸਭ ਤੋਂ ਵੱਡੀ ਗੱਲ ਟੈਕਨੋਲਜੀ ਹੀ ਹੈ ਜਿ ਸਾਰੇ ਵਿਸ਼ਿਆਂ ਵਿੱਚ ਅਜਿਹੀ ਹੀ ਗਿਰਾਵਟ ਦਿਖਦੀ ਤਾਂ ਤੁਸੀਂ ਕੈ ਸਾਭਦੇ ਸੀ ਕਿ ਸਿੱਖਿਆ ਦਾ ਪੱਧਲ ਡਿੱਗਰੇ ਹੈ ਪਰ ਅਜਿਹਾ ਨਹੀਂ ਪੜਨ ਲਿਖਣ ਦੀ ਸਮਰੱਥਾ ਵਿੱਚ ਬਹੁਤ ਜ਼ਿਆਦਾ ਗਰਾਵ,ਅਸਲ ਵਿੱਚ ਸਭ ਤੋਂ ਵੱਡੀ ਗੱਲ ਟੈਕਨੋਲਜੀ ਹੀ ਹੈ ਜਿ ਸਾਰੇ ਵਿਸ਼ਿਆਂ ਵਿੱਚ ਅਜਿਹੀ ਹੀ ਗਿਰਾਵਟ ਦਿਖਦੀ ਤਾਂ ਤੁਸੀਂ ਕੈ ਸਾਭਦੇ ਸੀ ਕਿ ਸਿੱਖਿਆ ਦਾ ਪੱਧਲ ਡਿੱਗਰੇ ਹੈ ਪਰ ਅਜਿਹਾ ਨਹੀਂ ਪੜਨ ਲਿਖਣ ਦੀ ਸਮਰੱਥਾ ਵਿੱਚ ਬਹੁਤ ਜ਼ਿਆਦਾ ਗਰਾਵ,9.84,https://www.youtube.com/watch?v=yj8OHgeM_3k
wavs/spk3_female_broadcaster_0013.wav,spk3_female_broadcaster,BBC Punjabi Broadcaster,female,ਅਤੇ ਇਹ ਗਿਰਾਵਟ ਠੀਕ ਉਹਣਾਂ ਖੇਤਰਾਂ ਵਿੱਚ ਹੈ ਜੋ ਡੀਟਲ ਦੁਨੀਆਂ ਦੀ ਪਹਿਚਾਨ ਮਾਫ ਤੇ ਡੀ ਚਆ ਰੀਡਿੰਗ ਸਕੋਰ ਵਿੱਚ ਦੇਖਰਹੀ ਇਹ ਗਿਰਾਵਟ ਰਿਸਰਚਰਜ ਵੱਲੋਂ ਦੇਖੇ ਗਈ ਸਭ ਤੋਂ ਵੱਡੀਆਂ ਗਿਰਾ,ਅਤੇ ਇਹ ਗਿਰਾਵਟ ਠੀਕ ਉਹਣਾਂ ਖੇਤਰਾਂ ਵਿੱਚ ਹੈ ਜੋ ਡੀਟਲ ਦੁਨੀਆਂ ਦੀ ਪਹਿਚਾਨ ਮਾਫ ਤੇ ਡੀ ਚਆ ਰੀਡਿੰਗ ਸਕੋਰ ਵਿੱਚ ਦੇਖਰਹੀ ਇਹ ਗਿਰਾਵਟ ਰਿਸਰਚਰਜ ਵੱਲੋਂ ਦੇਖੇ ਗਈ ਸਭ ਤੋਂ ਵੱਡੀਆਂ ਗਿਰਾ,9.64,https://www.youtube.com/watch?v=yj8OHgeM_3k
wavs/spk3_female_broadcaster_0014.wav,spk3_female_broadcaster,BBC Punjabi Broadcaster,female,ਇਹ ਸਟੂਡੈਂਟ ਦੇ ਪੂਰਾ ਸਾਲ ਮਿਸਉਨਸੀ ਅ ਆਾ ਸੱਚ ਕਾਂ ਤਾਂ ਮੈਨੂੰ ਆਪਣੀ ਪੀੜੀ ਵਿੱਚ ਪੜਨ ਦੀ ਆਦਤ ਘੱਟ ਹੋਣ ਦੀ ਚਿੰਤਾ ਹੈ ਇਹ ਮੈਂ ਖਾਸ ਤੌਰ ਤੇ ਜੈਨ ਜੀ ਦੇ ਨੌਜਵਾਨਾਂ ਵਿੱਚ ਦੇਖਦੀਆਂ,ਇਹ ਸਟੂਡੈਂਟ ਦੇ ਪੂਰਾ ਸਾਲ ਮਿਸਉਨਸੀ ਅ ਆਾ ਸੱਚ ਕਾਂ ਤਾਂ ਮੈਨੂੰ ਆਪਣੀ ਪੀੜੀ ਵਿੱਚ ਪੜਨ ਦੀ ਆਦਤ ਘੱਟ ਹੋਣ ਦੀ ਚਿੰਤਾ ਹੈ ਇਹ ਮੈਂ ਖਾਸ ਤੌਰ ਤੇ ਜੈਨ ਜੀ ਦੇ ਨੌਜਵਾਨਾਂ ਵਿੱਚ ਦੇਖਦੀਆਂ,9.51,https://www.youtube.com/watch?v=yj8OHgeM_3k
wavs/spk3_female_broadcaster_0015.wav,spk3_female_broadcaster,BBC Punjabi Broadcaster,female,ਜਿਨ੍ਾਂ ਨੂੰ ਪੜਨਾਂ ਕਧੇ ਵੀ ਮਜ਼ਦਾਰ ਨਹੀਂ ਲੱਗਾ ਅਤੇ ਇਹ ਗੱਲ ਮੈਨੂੰ ਡਰਾਉਂਦੀ ਹੈ ਕਿਉਕਿ ਪੜਨਾਂ ਕਰੀਬ ਹਰ ਦੂਜੇ ਵਿਸ਼ੇ ਦੀ ਨਹੀਂ ਹੁੰਦਾ ਹੈ ਉਮਫਆਂ ਬਸਾਂ ਇਹਨਾਂ ਸਾਰਿਆਂ ਗੱਲਾਂ ਨੂੰ ਦੇਖਤੇ ਹੋਏ ਟੈਸ,ਜਿਨ੍ਾਂ ਨੂੰ ਪੜਨਾਂ ਕਧੇ ਵੀ ਮਜ਼ਦਾਰ ਨਹੀਂ ਲੱਗਾ ਅਤੇ ਇਹ ਗੱਲ ਮੈਨੂੰ ਡਰਾਉਂਦੀ ਹੈ ਕਿਉਕਿ ਪੜਨਾਂ ਕਰੀਬ ਹਰ ਦੂਜੇ ਵਿਸ਼ੇ ਦੀ ਨਹੀਂ ਹੁੰਦਾ ਹੈ ਉਮਫਆਂ ਬਸਾਂ ਇਹਨਾਂ ਸਾਰਿਆਂ ਗੱਲਾਂ ਨੂੰ ਦੇਖਤੇ ਹੋਏ ਟੈਸ,9.47,https://www.youtube.com/watch?v=yj8OHgeM_3k
wavs/spk3_female_broadcaster_0016.wav,spk3_female_broadcaster,BBC Punjabi Broadcaster,female,ਕੋਰ ਵਿੱਚ ਗਿਰਾਵਟ ਲਈ ਸਿਰਫ ੱਲਾਂ ਵਿੱਚ ਕਨੋਲੋਜੀ ਨੂੰ ਜ਼ਿੰਮੇਵਾਰਪਰ ਕੋਵਿਡ ਦੇ ਤਰਹਾਂ ਹੀ ਮਾਮਲਐਨਾਬੱਚਿਆਂ ਉਤੇ ਸਕੀਨ ਦਾ ਅਸਰ ਇਸ ਗੱਲ ਉਤੇ ਵੀ ਨਿਰਭਰ ਕੀ ਉਹ ਇਸ ਦਾ ਇਸਤੇਮਾਲ ਕਿਵੇਂ ਕਹਾਨ,ਕੋਰ ਵਿੱਚ ਗਿਰਾਵਟ ਲਈ ਸਿਰਫ ੱਲਾਂ ਵਿੱਚ ਕਨੋਲੋਜੀ ਨੂੰ ਜ਼ਿੰਮੇਵਾਰਪਰ ਕੋਵਿਡ ਦੇ ਤਰਹਾਂ ਹੀ ਮਾਮਲਐਨਾਬੱਚਿਆਂ ਉਤੇ ਸਕੀਨ ਦਾ ਅਸਰ ਇਸ ਗੱਲ ਉਤੇ ਵੀ ਨਿਰਭਰ ਕੀ ਉਹ ਇਸ ਦਾ ਇਸਤੇਮਾਲ ਕਿਵੇਂ ਕਹਾਨ,9.36,https://www.youtube.com/watch?v=yj8OHgeM_3k
wavs/spk3_female_broadcaster_0017.wav,spk3_female_broadcaster,BBC Punjabi Broadcaster,female,ੀਨ ਿਸਚੀਜ ਦੀ ਜਗਾ ਲੈ ਰਹੀ ਹੈ ਅਤੇ ਬੱਚਾ ਆਪ ਵੋਜਿਾਇਹ ਸਮਝ ਨਾ ਬਹੁਤ ਜ਼ਰੂਰੀ ਹੈ ਕਿ ਅਸੀ ਸਕਰੀਨ ਉਤੇ ਕੀ ਕਰਦੇਹਾਂ ਅਤੇ ਕਿਉਂ ਕਰਦੇ ਹ,ੀਨ ਿਸਚੀਜ ਦੀ ਜਗਾ ਲੈ ਰਹੀ ਹੈ ਅਤੇ ਬੱਚਾ ਆਪ ਵੋਜਿਾਇਹ ਸਮਝ ਨਾ ਬਹੁਤ ਜ਼ਰੂਰੀ ਹੈ ਕਿ ਅਸੀ ਸਕਰੀਨ ਉਤੇ ਕੀ ਕਰਦੇਹਾਂ ਅਤੇ ਕਿਉਂ ਕਰਦੇ ਹ,8.19,https://www.youtube.com/watch?v=yj8OHgeM_3k
wavs/spk3_female_broadcaster_0018.wav,spk3_female_broadcaster,BBC Punjabi Broadcaster,female,ਕਿਉਂਕਿ ਅਸਲ ਅਸਰ ਉਥੋਂ ਹੀ ਸਮਾਂ ਜਾਉਣ ਪੀਸਾ ਦਾ ਇੱਕ ਹੋਰ ਗ੍ਰਾਫ ਇਸ ਨਾਲ ਪਤਾ ਲਗਦਾ ਹੈ ਕਿ ਇਟੂਡਨ ਨੇ ਕਿੰਨੇ ਦੇਅਰ ਡਿਜਿਟਲ ਡਿਵਾਇਜ ਦਾ ਇਸਤੇਮਾਲ ਅਤੇ ਸਾਇੰਸ ਵਿੱਚ ਿੰਨਾਂ ਸਕਰ ਹਾਸ,ਕਿਉਂਕਿ ਅਸਲ ਅਸਰ ਉਥੋਂ ਹੀ ਸਮਾਂ ਜਾਉਣ ਪੀਸਾ ਦਾ ਇੱਕ ਹੋਰ ਗ੍ਰਾਫ ਇਸ ਨਾਲ ਪਤਾ ਲਗਦਾ ਹੈ ਕਿ ਇਟੂਡਨ ਨੇ ਕਿੰਨੇ ਦੇਅਰ ਡਿਜਿਟਲ ਡਿਵਾਇਜ ਦਾ ਇਸਤੇਮਾਲ ਅਤੇ ਸਾਇੰਸ ਵਿੱਚ ਿੰਨਾਂ ਸਕਰ ਹਾਸ,9.25,https://www.youtube.com/watch?v=yj8OHgeM_3k
wavs/spk3_female_broadcaster_0019.wav,spk3_female_broadcaster,BBC Punjabi Broadcaster,female,ਇਹ ਸਾਫ ਦਿਖਾਉਂਦਾ ਹੈ ਕਿ ਜਿਨਹਾਂ ਸਟੂਡੈਂਟਸਨੇ ਤਕਨੀਕ ਦੀ ਵਰਤੋਂ ਫਨ ਲਹੀਂ ਕੀਤੀਜਿਵੇਂ ਕਿ ਸੋਸਲ ਮੀਡੀਆ ਅਜਾਂ ਫਿਰ ਉਹਨ੍ਾਂ ਦੇ ਸਕੋਰ ਘੱਟ ਪਰ ਉਥੇ ਹੀ ਜਿੱਥੇ ਤਕਨੀਕ ਦੀ ਵਰਤੋਂ ਕੁਝਣ ਲਈ ਕੀਤੀ ਗਈ ਉਥੇ ਸਕੋਰਵੱ,ਇਹ ਸਾਫ ਦਿਖਾਉਂਦਾ ਹੈ ਕਿ ਜਿਨਹਾਂ ਸਟੂਡੈਂਟਸਨੇ ਤਕਨੀਕ ਦੀ ਵਰਤੋਂ ਫਨ ਲਹੀਂ ਕੀਤੀਜਿਵੇਂ ਕਿ ਸੋਸਲ ਮੀਡੀਆ ਅਜਾਂ ਫਿਰ ਉਹਨ੍ਾਂ ਦੇ ਸਕੋਰ ਘੱਟ ਪਰ ਉਥੇ ਹੀ ਜਿੱਥੇ ਤਕਨੀਕ ਦੀ ਵਰਤੋਂ ਕੁਝਣ ਲਈ ਕੀਤੀ ਗਈ ਉਥੇ ਸਕੋਰਵੱ,9.68,https://www.youtube.com/watch?v=yj8OHgeM_3k
wavs/spk3_female_broadcaster_0020.wav,spk3_female_broadcaster,BBC Punjabi Broadcaster,female,ਜਿਨਾਂ ਬੱਚਿਆਂ ਨੇ ਤਕਨੀਕ ਦੀ ਵਰਤੋਂ ਕੁਠਣਲਈ ਕੀਤੀ ਸੀ ਉਹਨਾਂ ਦੇ ਮਾਜ਼ਾਦਾ ਤੇ ਜੇਕਰ ਅਸ ਤੀ ਸਿੰਗਾਪੁਰ ਵੱਲ ਦੇਖੇ ਹੈ ਤਂ ਹੁਥੋ ਦੇ ਸਟੂਡੈਂਟਸ ਹਰ ਸਬਜੈਕਟ ਵਿੱਚ ਢੋਂਬਰ ਫੋਰਮਰ,ਜਿਨਾਂ ਬੱਚਿਆਂ ਨੇ ਤਕਨੀਕ ਦੀ ਵਰਤੋਂ ਕੁਠਣਲਈ ਕੀਤੀ ਸੀ ਉਹਨਾਂ ਦੇ ਮਾਜ਼ਾਦਾ ਤੇ ਜੇਕਰ ਅਸ ਤੀ ਸਿੰਗਾਪੁਰ ਵੱਲ ਦੇਖੇ ਹੈ ਤਂ ਹੁਥੋ ਦੇ ਸਟੂਡੈਂਟਸ ਹਰ ਸਬਜੈਕਟ ਵਿੱਚ ਢੋਂਬਰ ਫੋਰਮਰ,8.51,https://www.youtube.com/watch?v=yj8OHgeM_3k
wavs/spk3_female_broadcaster_0021.wav,spk3_female_broadcaster,BBC Punjabi Broadcaster,female,ਉਹਨਾਂ ਮੁਤਾਬਿਕ ਉਹ ਬਾਕੀਆਂ ਦੇ ਮੁਕਾਬਲੇ ਤਕਨੀਕ ਦੇ ਵੀ ਵਧੇਰੇ ਇੱਕ ਕਾਂਪਲੀਕੇਟਡ ਬਰਜਾ ਦੇ ਹੈਡ ਮੁਤਾਬਕ ਨਤੀਜਿਆਂ ਵਿੱਚ ਵੇਰੀਏਸ਼ ਕਰਕੇ ਵੀ ਹੈ ਕਿਉਂ ਕਿ ਦੁਨੀਆਂ ਦੇ ਵੱਖ ਵੱਖ ਵੱਖ ਮੇੀ ਸਿ,ਉਹਨਾਂ ਮੁਤਾਬਿਕ ਉਹ ਬਾਕੀਆਂ ਦੇ ਮੁਕਾਬਲੇ ਤਕਨੀਕ ਦੇ ਵੀ ਵਧੇਰੇ ਇੱਕ ਕਾਂਪਲੀਕੇਟਡ ਬਰਜਾ ਦੇ ਹੈਡ ਮੁਤਾਬਕ ਨਤੀਜਿਆਂ ਵਿੱਚ ਵੇਰੀਏਸ਼ ਕਰਕੇ ਵੀ ਹੈ ਕਿਉਂ ਕਿ ਦੁਨੀਆਂ ਦੇ ਵੱਖ ਵੱਖ ਵੱਖ ਮੇੀ ਸਿ,9.12,https://www.youtube.com/watch?v=yj8OHgeM_3k
wavs/spk3_female_broadcaster_0022.wav,spk3_female_broadcaster,BBC Punjabi Broadcaster,female,ਕਈ ਸਿਸਟਮਾਂ ਵਿੱਚ ਅਜਹੀ ਸਮਰੱਥਾ ਨਹੀਂ ਹੁੰਦੀ ਕਿ ਉਹ ਟੈਕਨੋਲਜੀ ਦਾ ਇਸਤੇਮਾਲਸੋਰ ਸਮਝਕੇ ਅਤੇ ਸਬੂਤਾਂ ਦੇ ਆਧਾਰ ਤੇ ਕਰ ਤੁਸੀਂ ਜਾਣ ਦੇੋ ਟੈਬਲੇਟ ਵੰਡ ਦੇਣਾਂ ਅਤੇ ਸਟੂਨਟ ਨੂੰ ਖੁਦ ਹੀ ਉਸ ਦਾ ਇਸਤੇਮਾਲ ਕਰਨ ਦੇਣਾ,ਕਈ ਸਿਸਟਮਾਂ ਵਿੱਚ ਅਜਹੀ ਸਮਰੱਥਾ ਨਹੀਂ ਹੁੰਦੀ ਕਿ ਉਹ ਟੈਕਨੋਲਜੀ ਦਾ ਇਸਤੇਮਾਲਸੋਰ ਸਮਝਕੇ ਅਤੇ ਸਬੂਤਾਂ ਦੇ ਆਧਾਰ ਤੇ ਕਰ ਤੁਸੀਂ ਜਾਣ ਦੇੋ ਟੈਬਲੇਟ ਵੰਡ ਦੇਣਾਂ ਅਤੇ ਸਟੂਨਟ ਨੂੰ ਖੁਦ ਹੀ ਉਸ ਦਾ ਇਸਤੇਮਾਲ ਕਰਨ ਦੇਣਾ,9.34,https://www.youtube.com/watch?v=yj8OHgeM_3k
wavs/spk3_female_broadcaster_0023.wav,spk3_female_broadcaster,BBC Punjabi Broadcaster,female,ਕਿਤੇਜ਼ਾ ਦਾ ਅਸਾਨ ਅਤੇ ਸੁਵਿਧ ਜਨਥਾਬਲਾ ਚ ਨਕਿਰਾਉਣਤੇ ਸਾ ਨੂੰ ਇਹ ਵੀ ਸੋਚਣਾ ਚਾਹੀਦਾ ਹੈ ਕਿ ਪੰਦਰਾਂ ਸਾਲ ਦਾ ਬੱਚਾ ਸਿਰਫ ਮੂਲ ਵਿਓਜਿਹੀ ਦੁਨੀਆ ਵਿੱਚ ਵੀਜੀ ਰਿਹਾ ਹਰ ਪਾਸ ਤਕਨੀਕ,ਕਿਤੇਜ਼ਾ ਦਾ ਅਸਾਨ ਅਤੇ ਸੁਵਿਧ ਜਨਥਾਬਲਾ ਚ ਨਕਿਰਾਉਣਤੇ ਸਾ ਨੂੰ ਇਹ ਵੀ ਸੋਚਣਾ ਚਾਹੀਦਾ ਹੈ ਕਿ ਪੰਦਰਾਂ ਸਾਲ ਦਾ ਬੱਚਾ ਸਿਰਫ ਮੂਲ ਵਿਓਜਿਹੀ ਦੁਨੀਆ ਵਿੱਚ ਵੀਜੀ ਰਿਹਾ ਹਰ ਪਾਸ ਤਕਨੀਕ,8.57,https://www.youtube.com/watch?v=yj8OHgeM_3k
wavs/spk3_female_broadcaster_0024.wav,spk3_female_broadcaster,BBC Punjabi Broadcaster,female,ਬੇਸ਼ਕ ਤੁਸੀਂ ਸਕੂਲਾਂ ਵਿੱਚ ਟੈਕਨੋਲੋਜੀ ਤੇ ਪੂਰੀ ਤਰ੍ਹਾਂ ਰੋਕ ਲਗਾ ਦੇ ਓਹ ਪਰ ਬੱਚੇ ਘਰਦ ਵਿੱਚ ਅਜਿਹੇ ਮੌਲ ਵਿੱਚ ਵਾਪਿਸ ਜਾਣਗੇ ਤੇ ਜਿੱਥੇ ਉਹ ਚੋਹੁਣ,ਬੇਸ਼ਕ ਤੁਸੀਂ ਸਕੂਲਾਂ ਵਿੱਚ ਟੈਕਨੋਲੋਜੀ ਤੇ ਪੂਰੀ ਤਰ੍ਹਾਂ ਰੋਕ ਲਗਾ ਦੇ ਓਹ ਪਰ ਬੱਚੇ ਘਰਦ ਵਿੱਚ ਅਜਿਹੇ ਮੌਲ ਵਿੱਚ ਵਾਪਿਸ ਜਾਣਗੇ ਤੇ ਜਿੱਥੇ ਉਹ ਚੋਹੁਣ,7.47,https://www.youtube.com/watch?v=yj8OHgeM_3k
wavs/spk3_female_broadcaster_0025.wav,spk3_female_broadcaster,BBC Punjabi Broadcaster,female,ਤ ਜਿਨੀ ਦੇ ਮਰਜ਼ੀ ਆਪਣੇ ਫੋਨ ਦਾ ਇਸਤੇਮਾਲ ਕਰ ਸਕਦੇ ਨੇ ਤੁਸੀਂ ਜਾਣ ਦੇ ਹੋ ਕਿ ਉਹ ਸੱਚ ਮੁਝ ਪੂਰੇ ਦਿਨ ਬਿਨਾਂ ਟੈਕਨੋਲੋਜੀ ਦੇ ਰਹਿਣ ਤੋਂ ਬਾਅਦ,ਤ ਜਿਨੀ ਦੇ ਮਰਜ਼ੀ ਆਪਣੇ ਫੋਨ ਦਾ ਇਸਤੇਮਾਲ ਕਰ ਸਕਦੇ ਨੇ ਤੁਸੀਂ ਜਾਣ ਦੇ ਹੋ ਕਿ ਉਹ ਸੱਚ ਮੁਝ ਪੂਰੇ ਦਿਨ ਬਿਨਾਂ ਟੈਕਨੋਲੋਜੀ ਦੇ ਰਹਿਣ ਤੋਂ ਬਾਅਦ,7.5,https://www.youtube.com/watch?v=yj8OHgeM_3k
wavs/spk3_female_broadcaster_0026.wav,spk3_female_broadcaster,BBC Punjabi Broadcaster,female,ਕਰ ਆ ਕੇ ਜੇਕਰੋ ਚੋਣ ਤਾਂ ਅਗਲੇ ਅੱਠ ਘੰਟੇ ਤਕ ਸਕਰੋਲਿੰਗ ਕਰ ਸਕਦੇ ਨੇ ਅਗਲੇ ਪੀਸਾ ਟੈਸਟ ਵਿੱਚ ਇਕ,ਕਰ ਆ ਕੇ ਜੇਕਰੋ ਚੋਣ ਤਾਂ ਅਗਲੇ ਅੱਠ ਘੰਟੇ ਤਕ ਸਕਰੋਲਿੰਗ ਕਰ ਸਕਦੇ ਨੇ ਅਗਲੇ ਪੀਸਾ ਟੈਸਟ ਵਿੱਚ ਇਕ,5.57,https://www.youtube.com/watch?v=yj8OHgeM_3k
wavs/spk4_bilingual_tech_0001.wav,spk4_bilingual_tech,Bilingual Tech Orator,male,ਕੋਈ ਇੰਟਰਵੈਸ਼ਨ ਯੂ ਿਚਉਹਨਾਂ ਨੇ ਆਪਣੇ ਪਾਦਰੀ ਰੱਖ ਲਈ ਐਤਰੋਪੀ ਕੰਪਨੀਜ ਨੇ ਕਰੋੜ ਹੁਣਾ ਉਹਨਾਂ ਰਿਸਰਚ ਕੀਤੀ ਸੀ ਗੀ ਜੀ ਆਣ ਵਾਲੇ ਟਾਇਮ ਦੇ ਵਿੱਚ ਕੇੜੀਗੜੀ ਜੋਬ ਏ ਆਈ ਰਿਪਲੇਸ ਖਰ,ਕੋਈ ਇੰਟਰਵੈਸ਼ਨ ਯੂ ਿਚਉਹਨਾਂ ਨੇ ਆਪਣੇ ਪਾਦਰੀ ਰੱਖ ਲਈ ਐਤਰੋਪੀ ਕੰਪਨੀਜ ਨੇ ਕਰੋੜ ਹੁਣਾ ਉਹਨਾਂ ਰਿਸਰਚ ਕੀਤੀ ਸੀ ਗੀ ਜੀ ਆਣ ਵਾਲੇ ਟਾਇਮ ਦੇ ਵਿੱਚ ਕੇੜੀਗੜੀ ਜੋਬ ਏ ਆਈ ਰਿਪਲੇਸ ਖਰ,7.47,https://www.youtube.com/watch?v=VJuk59w5O3I
wavs/spk4_bilingual_tech_0002.wav,spk4_bilingual_tech,Bilingual Tech Orator,male,ਉਹਦੇ ਵਿੱਚ ਸਿਰਫ ਦੋ ਜੋਬਜ਼ ਨੇ ਜਿੜੀਆਂ ਏ ਆਈ ਦਾ ਬੋਟ ਖੱਖ ਤੱਖ ਹੋ ਪਹਈਲ ਅ ਅਸੀ ਸੁਣਿਆ ਕਿ ਵੈਬਸਾਇਟ ਦੀਆਂ ਵੈਬਸਾਇਟ ਪੂਰੀਆਂ ਇਹ ਹੀ ਬਣਾਉਣ ਲਾਗੀਂ ਫਣ ਜਾਂਦੀਆਂ ਪਜੀ ਮੈਂ ਗੇਮ ਬਣਾਈਆਬਾਜੀ ਤੋਂ ਦਸਾਨਕੱਲ ੇਮ ਬਣਾਅ ਦੇ ਤੁਸੀ ਆ ਮਣਾਦੀ ਵਾ ੋਂ ਗੇਮ ਣਾਅ ਦੇ ਬਿਲਕੁਲ,ਉਹਦੇ ਵਿੱਚ ਸਿਰਫ ਦੋ ਜੋਬਜ਼ ਨੇ ਜਿੜੀਆਂ ਏ ਆਈ ਦਾ ਬੋਟ ਖੱਖ ਤੱਖ ਹੋ ਪਹਈਲ ਅ ਅਸੀ ਸੁਣਿਆ ਕਿ ਵੈਬਸਾਇਟ ਦੀਆਂ ਵੈਬਸਾਇਟ ਪੂਰੀਆਂ ਇਹ ਹੀ ਬਣਾਉਣ ਲਾਗੀਂ ਫਣ ਜਾਂਦੀਆਂ ਪਜੀ ਮੈਂ ਗੇਮ ਬਣਾਈਆਬਾਜੀ ਤੋਂ ਦਸਾਨਕੱਲ ੇਮ ਬਣਾਅ ਦੇ ਤੁਸੀ ਆ ਮਣਾਦੀ ਵਾ ੋਂ ਗੇਮ ਣਾਅ ਦੇ ਬਿਲਕੁਲ,13.26,https://www.youtube.com/watch?v=VJuk59w5O3I
wavs/spk4_bilingual_tech_0003.wav,spk4_bilingual_tech,Bilingual Tech Orator,male,ਇੀ ਗਰਦਾਂ ਤੋਂ ਆਡੀ ਵੀਡੀਓ ਤੋ ਆਾਡੀ ਬਆਇਸ ਦਾ ਸੈਂਪਲ ਹੁ ਪੇ ਦਾ ਇਤਰ ਪਰਾਗੇ ਰਵਾ ਕ,ਇੀ ਗਰਦਾਂ ਤੋਂ ਆਡੀ ਵੀਡੀਓ ਤੋ ਆਾਡੀ ਬਆਇਸ ਦਾ ਸੈਂਪਲ ਹੁ ਪੇ ਦਾ ਇਤਰ ਪਰਾਗੇ ਰਵਾ ਕ,7.11,https://www.youtube.com/watch?v=VJuk59w5O3I
wavs/spk4_bilingual_tech_0004.wav,spk4_bilingual_tech,Bilingual Tech Orator,male,ਇਹਨੇ ਤੋਂਭੱਡਾ ਡਾਟਾ ਰੱਖ ਲਿਣਾ ਤੋਂਭਾਡੇ ਵਰਗਾ ਕਲਾਨ ਤਿਆਰ ਕਰਦਾ ਮੈੁਨੂ ਕਿਆਣੀ ਆਦਈ ਸ ਸਾਲਾਂ ਵਾਲ ਮੇ ਵੀ ਓਦਾ ਛੋਟੇ ਤਾਂ ਤੇ ਤੋਭਾਡਾ ਕਲੋੜ ਬੈਠਾ ੋਏ ਅਮਰੀ ਸਾਂ ਤੇ ਮੇਰਾ ਕੋਨ ਬੈਠਾ ਹੋਆ ੇਤੁਸੀਂ ਅਬ ਦਾ ਹੋਰ ਦੂਜਾ ਕੰਮ,ਇਹਨੇ ਤੋਂਭੱਡਾ ਡਾਟਾ ਰੱਖ ਲਿਣਾ ਤੋਂਭਾਡੇ ਵਰਗਾ ਕਲਾਨ ਤਿਆਰ ਕਰਦਾ ਮੈੁਨੂ ਕਿਆਣੀ ਆਦਈ ਸ ਸਾਲਾਂ ਵਾਲ ਮੇ ਵੀ ਓਦਾ ਛੋਟੇ ਤਾਂ ਤੇ ਤੋਭਾਡਾ ਕਲੋੜ ਬੈਠਾ ੋਏ ਅਮਰੀ ਸਾਂ ਤੇ ਮੇਰਾ ਕੋਨ ਬੈਠਾ ਹੋਆ ੇਤੁਸੀਂ ਅਬ ਦਾ ਹੋਰ ਦੂਜਾ ਕੰਮ,8.74,https://www.youtube.com/watch?v=VJuk59w5O3I
wavs/spk4_bilingual_tech_0005.wav,spk4_bilingual_tech,Bilingual Tech Orator,male,ਵਲੋਂ ਪਤਾਂ ਲਗ ਗੀ ਅਸਲੀ ੈ ਕਿ ਆਈਆ ਵਿਡੀ ਨਹੀਂ ਵਹੋਮਾਕੋਲ,ਵਲੋਂ ਪਤਾਂ ਲਗ ਗੀ ਅਸਲੀ ੈ ਕਿ ਆਈਆ ਵਿਡੀ ਨਹੀਂ ਵਹੋਮਾਕੋਲ,8.05,https://www.youtube.com/watch?v=VJuk59w5O3I
wavs/spk4_bilingual_tech_0006.wav,spk4_bilingual_tech,Bilingual Tech Orator,male,ਨਸਭ ਤੋਂ ਪਹਿਲਾ ਤੋੜਾ ਸਵਾਗਤ ਵਜੀ ਸਾਡੇ ਕੇਟੋਕਸੋਤੇ ਮਰਿੰਦਰ ਸਿੰਗੀਆ ਸਾਡੇ ਨਾਲ,ਨਸਭ ਤੋਂ ਪਹਿਲਾ ਤੋੜਾ ਸਵਾਗਤ ਵਜੀ ਸਾਡੇ ਕੇਟੋਕਸੋਤੇ ਮਰਿੰਦਰ ਸਿੰਗੀਆ ਸਾਡੇ ਨਾਲ,9.1,https://www.youtube.com/watch?v=VJuk59w5O3I
wavs/spk4_bilingual_tech_0007.wav,spk4_bilingual_tech,Bilingual Tech Orator,male,ਵਿਸ਼ਤਬਾਰੀ ਤੋਂਨੋ ਸਾਰੀ ਦੁਨੀਆਂ ਜਾਣ ਦੀ ਹੋਈ ਪ ਅੱਜਪ ਸਾਰੀ ਦੁਨੀਆਂਦਾ ਨਹੀਂ ਜਾਣ ਦੀ ਪਹਿਲੀ ਵਰੀ ਕਿਸੇ ਰਿਪੋਡਕਾ ਤੇ ਬੰੇ ਨੇਵੇਰੀ ਇੰਟਰਕਸ਼ਨ ਵਿੱਚ ਰੋਕੀ ਹ ਤੇ ਸਾਫ ਦੱਸਿਆ ਕਿ ਮਿਨੁੰ ਸਾਰੀ ਦੁਨੀਆਂ ਨਹੀਂ ਜਾਣ ਦਆਈ ਲਾਇਕ ਦਿ,ਵਿਸ਼ਤਬਾਰੀ ਤੋਂਨੋ ਸਾਰੀ ਦੁਨੀਆਂ ਜਾਣ ਦੀ ਹੋਈ ਪ ਅੱਜਪ ਸਾਰੀ ਦੁਨੀਆਂਦਾ ਨਹੀਂ ਜਾਣ ਦੀ ਪਹਿਲੀ ਵਰੀ ਕਿਸੇ ਰਿਪੋਡਕਾ ਤੇ ਬੰੇ ਨੇਵੇਰੀ ਇੰਟਰਕਸ਼ਨ ਵਿੱਚ ਰੋਕੀ ਹ ਤੇ ਸਾਫ ਦੱਸਿਆ ਕਿ ਮਿਨੁੰ ਸਾਰੀ ਦੁਨੀਆਂ ਨਹੀਂ ਜਾਣ ਦਆਈ ਲਾਇਕ ਦਿ,9.81,https://www.youtube.com/watch?v=VJuk59w5O3I
wavs/spk4_bilingual_tech_0008.wav,spk4_bilingual_tech,Bilingual Tech Orator,male,ਪਰ ਇਸ ਪੋਰ ਗਾਸ ਤਵੱਧ ਜਾਣਹਾਂ ਇਹ ਵੀ ਵੱਜੀ ਕਿਦਾਂ ਭਰੋਸਾ ਨੀ ਹਵਗਾ ਅਸਾ ਤੋ ਾਡੀ ਪਰਸਨੈਲਿਟੀ ਏਦਾਂ ਦੀ ਵਾਾ ਤਂਵਾੱਡੀ ਜੜੀ ਵਾਈਵ ਸੇਧਾਂ ਦੀਆ ਅਨਾ ਹੈਗਰੋਮਾਲ ਕਿਰਪਾ ਕਰੇ ਤਾਂ ਨੂੰ ਜਾਣ ਨਾ ਇਸ ਲਈ ਜਰੂਰੀ ਹੈ ਕਿ ਲੋਕਾਂ ਦੇ ਨਾਲਜ ਵ,ਪਰ ਇਸ ਪੋਰ ਗਾਸ ਤਵੱਧ ਜਾਣਹਾਂ ਇਹ ਵੀ ਵੱਜੀ ਕਿਦਾਂ ਭਰੋਸਾ ਨੀ ਹਵਗਾ ਅਸਾ ਤੋ ਾਡੀ ਪਰਸਨੈਲਿਟੀ ਏਦਾਂ ਦੀ ਵਾਾ ਤਂਵਾੱਡੀ ਜੜੀ ਵਾਈਵ ਸੇਧਾਂ ਦੀਆ ਅਨਾ ਹੈਗਰੋਮਾਲ ਕਿਰਪਾ ਕਰੇ ਤਾਂ ਨੂੰ ਜਾਣ ਨਾ ਇਸ ਲਈ ਜਰੂਰੀ ਹੈ ਕਿ ਲੋਕਾਂ ਦੇ ਨਾਲਜ ਵ,9.87,https://www.youtube.com/watch?v=VJuk59w5O3I
wavs/spk4_bilingual_tech_0009.wav,spk4_bilingual_tech,Bilingual Tech Orator,male,ਸਾਡੇ ਪੰਜਾਬ ਿੱਚ ਖਾਸ ਖਰ ਪੰਜਾਬਬੀ ਭਾਸ਼ਾ ਵਿੱਚ ਪਹਿਲੀ ਵਾਰੀ ਮਿਲਗਦਾ ਪੰਜਾਬ ਵ ਐਦਾਂ ਦਾ ਪੋੜਕਾਸ ਹੋਣ ਜਾ ਰਿਹ ਹੈ ਜਿਧੇ ਬਾਰੇ ਅ ਖੁੱਲ ਕੇ ਗੱਲਾ ਗਤਾਮੇਰੇ ਇੰਟਰੋੜਡਕਸ਼ਨ ਵਿੱਚ ਰਹੇਗੀ ਸਭ ਤੋਂ ਪਹਿਲਾਂ ਬਾਰੀ ਤੁਸੀਂ ਆਪਣੇ ਬਾਰੇ ਦੱਸ ੋਂ ਇਨਸਾਰਟ ੁਸਿਕਾਉਣ,ਸਾਡੇ ਪੰਜਾਬ ਿੱਚ ਖਾਸ ਖਰ ਪੰਜਾਬਬੀ ਭਾਸ਼ਾ ਵਿੱਚ ਪਹਿਲੀ ਵਾਰੀ ਮਿਲਗਦਾ ਪੰਜਾਬ ਵ ਐਦਾਂ ਦਾ ਪੋੜਕਾਸ ਹੋਣ ਜਾ ਰਿਹ ਹੈ ਜਿਧੇ ਬਾਰੇ ਅ ਖੁੱਲ ਕੇ ਗੱਲਾ ਗਤਾਮੇਰੇ ਇੰਟਰੋੜਡਕਸ਼ਨ ਵਿੱਚ ਰਹੇਗੀ ਸਭ ਤੋਂ ਪਹਿਲਾਂ ਬਾਰੀ ਤੁਸੀਂ ਆਪਣੇ ਬਾਰੇ ਦੱਸ ੋਂ ਇਨਸਾਰਟ ੁਸਿਕਾਉਣ,9.04,https://www.youtube.com/watch?v=VJuk59w5O3I
wavs/spk4_bilingual_tech_0010.wav,spk4_bilingual_tech,Bilingual Tech Orator,male,ਤੇ ਪੰਜਾ ਓ ਮਾਈ ਗੋਡ ਵਾਜੀ ਇਹ ਇਹ ਬਿਨ ਹੋਣੀ ਚਾਹੀਦੀ ਹੈ,ਤੇ ਪੰਜਾ ਓ ਮਾਈ ਗੋਡ ਵਾਜੀ ਇਹ ਇਹ ਬਿਨ ਹੋਣੀ ਚਾਹੀਦੀ ਹੈ,5.53,https://www.youtube.com/watch?v=VJuk59w5O3I
wavs/spk4_bilingual_tech_0011.wav,spk4_bilingual_tech,Bilingual Tech Orator,male,ਦਿਖੋ ਹੁਏਆਈ ਨੂੰ ਨ ਨਾਂ ਪਤਾ ਵੀ ਬੰਦਾਗੋਣਾ ਅ ਜਨਾਨੀ ਗੋਣ ਹੈ ਤੋਂ ੱਟੋ ੱਤੋਂਆੱਡਾ ਥੀਮ ਤਾ ਗੋਪੀ ਕਰ ਲਿਆਂ ਨਾ ਵਾਜਵਰੇ ਗੁਡਇਹ ਪੇੜ ਵਰਜਨ ਲਿਤਾਨਾਂ ਤੁਸੀ ਫਰੀ ਫਰੀ ਅਲਾ ਗੂਗਲ ਜੈਮਨਾਈ ਦਾ ਹੈ ਪਰੋਵਰਨ ਹੈ,ਦਿਖੋ ਹੁਏਆਈ ਨੂੰ ਨ ਨਾਂ ਪਤਾ ਵੀ ਬੰਦਾਗੋਣਾ ਅ ਜਨਾਨੀ ਗੋਣ ਹੈ ਤੋਂ ੱਟੋ ੱਤੋਂਆੱਡਾ ਥੀਮ ਤਾ ਗੋਪੀ ਕਰ ਲਿਆਂ ਨਾ ਵਾਜਵਰੇ ਗੁਡਇਹ ਪੇੜ ਵਰਜਨ ਲਿਤਾਨਾਂ ਤੁਸੀ ਫਰੀ ਫਰੀ ਅਲਾ ਗੂਗਲ ਜੈਮਨਾਈ ਦਾ ਹੈ ਪਰੋਵਰਨ ਹੈ,9.04,https://www.youtube.com/watch?v=VJuk59w5O3I
wavs/spk4_bilingual_tech_0012.wav,spk4_bilingual_tech,Bilingual Tech Orator,male,ਪ ਗੋਗਲ ਜੈਮਨਾਈ ਇੰਡੀਆ ਦੇ ਵਿੱਚ ਅਠਾਰਾਂ ਮਹੀਨੇ ਵਾਸਤੇ ਫਰੀ ਹੈ ਜੀ ਓ ਯੂਵੈਰੀ ਗੁਡ ਪੋਜਮੈ ਬਹੁਤ ਕਸਾਈਟੇਣਾਂ ਆਪ ਸ਼ੁਰੂ ਘਰੀ ਏ ਪਾੜਗਾ ਸਭ ਤੋਂ ਪਹਿਲਾਂ ਬੇਸਿਕ ਇਨਫੋਰਮੇਸਨ ਤੋਂ ਕਿ ਲੋਕ ਜਿੜੇਆ ਪਾੜ ਕਾ,ਪ ਗੋਗਲ ਜੈਮਨਾਈ ਇੰਡੀਆ ਦੇ ਵਿੱਚ ਅਠਾਰਾਂ ਮਹੀਨੇ ਵਾਸਤੇ ਫਰੀ ਹੈ ਜੀ ਓ ਯੂਵੈਰੀ ਗੁਡ ਪੋਜਮੈ ਬਹੁਤ ਕਸਾਈਟੇਣਾਂ ਆਪ ਸ਼ੁਰੂ ਘਰੀ ਏ ਪਾੜਗਾ ਸਭ ਤੋਂ ਪਹਿਲਾਂ ਬੇਸਿਕ ਇਨਫੋਰਮੇਸਨ ਤੋਂ ਕਿ ਲੋਕ ਜਿੜੇਆ ਪਾੜ ਕਾ,9.74,https://www.youtube.com/watch?v=VJuk59w5O3I
wavs/spk4_bilingual_tech_0013.wav,spk4_bilingual_tech,Bilingual Tech Orator,male,ਜਿਨ੍ਹਾਂ ਨੇ ਸ਼ੁਰੂ ਕਰ ਲਿਆ ਹੈ ਉਹ ਤੋਂ ਨੂੰ ਜਾਣ ਲੰਦ ਥੋੜਾ ਦੇ ਇਨਸਾਰਟਕੋਂ ਸੋ ਦੈਟ ਇਹ ਪੋਡਕਾਸ ਪੂਰਤ ਦੇਖਣ ਵਿਚ ਉਹਨਾਂ ਥੋੜਹੀ ਅਸਾਨੀ ਹੋਵੇ ਤੇ ਤੁਸੀਂ ਪੁਲਿਜ ਆਪਣੇ ਬਾਰੇ ਇਨਸਾਰਟ ਇਇੰਟਰੜਕਸ਼ਨ ਦੇ ਵਾ,ਜਿਨ੍ਹਾਂ ਨੇ ਸ਼ੁਰੂ ਕਰ ਲਿਆ ਹੈ ਉਹ ਤੋਂ ਨੂੰ ਜਾਣ ਲੰਦ ਥੋੜਾ ਦੇ ਇਨਸਾਰਟਕੋਂ ਸੋ ਦੈਟ ਇਹ ਪੋਡਕਾਸ ਪੂਰਤ ਦੇਖਣ ਵਿਚ ਉਹਨਾਂ ਥੋੜਹੀ ਅਸਾਨੀ ਹੋਵੇ ਤੇ ਤੁਸੀਂ ਪੁਲਿਜ ਆਪਣੇ ਬਾਰੇ ਇਨਸਾਰਟ ਇਇੰਟਰੜਕਸ਼ਨ ਦੇ ਵਾ,8.81,https://www.youtube.com/watch?v=VJuk59w5O3I
wavs/spk4_bilingual_tech_0014.wav,spk4_bilingual_tech,Bilingual Tech Orator,male,ਪ ਮਿਰਾਨਾਮ ਮਨਿੰਦਰ ਸਿੰਘ ਏ ਤੇ ਇੰਸਟਾਗ੍ਰਾਮ ਤ ਤੋੜਾ ਾ ਪਪੁਲਰਾਂ ਸਿਰਾ ਕੋਟਰ ਦੇ ਨਾਮ ਤੇ ਮੈਂ ਪੰਜ ਸਾਲ ਸੈਮਸੰਗ ਆਰ ਐਨਡੀ ਦੀ ਵਿੱਚ ਕੰਮਕਦੋ ਹਿਆਰ ਤੇਰ੍ਾਂ ਪਾਸ ਆਊਟ ਆ ਐਨ ਆਈ ਟੀ ਜਲੰਦ,ਪ ਮਿਰਾਨਾਮ ਮਨਿੰਦਰ ਸਿੰਘ ਏ ਤੇ ਇੰਸਟਾਗ੍ਰਾਮ ਤ ਤੋੜਾ ਾ ਪਪੁਲਰਾਂ ਸਿਰਾ ਕੋਟਰ ਦੇ ਨਾਮ ਤੇ ਮੈਂ ਪੰਜ ਸਾਲ ਸੈਮਸੰਗ ਆਰ ਐਨਡੀ ਦੀ ਵਿੱਚ ਕੰਮਕਦੋ ਹਿਆਰ ਤੇਰ੍ਾਂ ਪਾਸ ਆਊਟ ਆ ਐਨ ਆਈ ਟੀ ਜਲੰਦ,9.11,https://www.youtube.com/watch?v=VJuk59w5O3I
wavs/spk4_bilingual_tech_0015.wav,spk4_bilingual_tech,Bilingual Tech Orator,male,ਕੈਂਪਸ ਪਲੇਸਮੈਂਟ ਹੋਈ ਸੀਮੇਰੀ ਸੈਮ ਸੰਗ ਦੇ ਪੰਜ ਸਾਲ ਮੈਂ ਆਰ ਐਨ ਡੀ ਵਿਚ ਕੰਮ ਕੀਤਾ ਮੁਇਡਾ ਦੇ ਵਿਉਸ ਤੋਂ ਬਾਅਦ ਮੈਂ ਸਰਕਾਰੀ ਨੁਕਰੀ ਕੀਤੀ ਪੰਜ ਸਾਲ ਜੋ ਕਿ ਐਜ ਸੋਫਟ ਪ੍ਰੋਗਰਾਮਰ ਦੀ ਹੀ ਜੋ,ਕੈਂਪਸ ਪਲੇਸਮੈਂਟ ਹੋਈ ਸੀਮੇਰੀ ਸੈਮ ਸੰਗ ਦੇ ਪੰਜ ਸਾਲ ਮੈਂ ਆਰ ਐਨ ਡੀ ਵਿਚ ਕੰਮ ਕੀਤਾ ਮੁਇਡਾ ਦੇ ਵਿਉਸ ਤੋਂ ਬਾਅਦ ਮੈਂ ਸਰਕਾਰੀ ਨੁਕਰੀ ਕੀਤੀ ਪੰਜ ਸਾਲ ਜੋ ਕਿ ਐਜ ਸੋਫਟ ਪ੍ਰੋਗਰਾਮਰ ਦੀ ਹੀ ਜੋ,8.12,https://www.youtube.com/watch?v=VJuk59w5O3I
wavs/spk4_bilingual_tech_0016.wav,spk4_bilingual_tech,Bilingual Tech Orator,male,ਉਸ ਦੋਂ ਾਅ ਮੇਨੂੰ ਫੀਲ ਹਇਆ ਕਿ ਮੈਂ ਸਰਕਾਰੀ ਨੌਕਰੀ ਵਾਸਤੇ ਨਹੀਂ ਬਣਿਆਂ ਤੇ ਮੈਂ ਉਹ ਛੱਢ ਕੇ ਦੁਵਾਰਾ ਆਈਟੀ ਸੈਕਟਰ ਦੇ ਵਿੱਚ ਆਇਆ ਤੇ ਹੁਣ ਮੈਂ ਤਿੰਨ ਸਾਢ ਤਿੰਨ ਸਾਲ ਤੋਂ ਇੱਕ ਕੰਪਨੀ ਨਾਲ ਕੰਮ ਕਰ ਰਹਿਂ ਜੋ ਨੋਵਇਡਾ ਦੀ ੈ ਵਰਖਵਾਂ ਮੁਹੰਮ ਕਰਦਾਂ ਵ,ਉਸ ਦੋਂ ਾਅ ਮੇਨੂੰ ਫੀਲ ਹਇਆ ਕਿ ਮੈਂ ਸਰਕਾਰੀ ਨੌਕਰੀ ਵਾਸਤੇ ਨਹੀਂ ਬਣਿਆਂ ਤੇ ਮੈਂ ਉਹ ਛੱਢ ਕੇ ਦੁਵਾਰਾ ਆਈਟੀ ਸੈਕਟਰ ਦੇ ਵਿੱਚ ਆਇਆ ਤੇ ਹੁਣ ਮੈਂ ਤਿੰਨ ਸਾਢ ਤਿੰਨ ਸਾਲ ਤੋਂ ਇੱਕ ਕੰਪਨੀ ਨਾਲ ਕੰਮ ਕਰ ਰਹਿਂ ਜੋ ਨੋਵਇਡਾ ਦੀ ੈ ਵਰਖਵਾਂ ਮੁਹੰਮ ਕਰਦਾਂ ਵ,9.83,https://www.youtube.com/watch?v=VJuk59w5O3I
wavs/spk4_bilingual_tech_0017.wav,spk4_bilingual_tech,Bilingual Tech Orator,male,ਆਈ ਟੀ ਚ ਹੀ ਕੰਮ ਜ ਬੇਸਿਕਲੀ ਸੀ ਪਲੱਸ ਪਲੱਸ ਕੋਟਰਾ ਤੁਸੀ ਕਿਹਾ ਸਕਦੋਂ ਵੀ ਤੇਰਾਂਇਕਸਾਲ ਹੋ ਗਏ ਮਿਨੂੰ ਕੋਡਿੰਗ ਡੂਮੇਦੇ ਵਿੱਤੇ ਮੈਂ ਅੱਜ ਕੱਲ ਇੰਸਟਾਗਰਾਮ ਤੇ ਡੇੜਕ ਸਾਲ ਕੰਟੈਂਟ ਵੀ ਬੁਣਾ ਰਿਆ ਜਿੱਧੇ ਵਿੱਚ ਮੈਂ ਦਾਸਦਾਂ,ਆਈ ਟੀ ਚ ਹੀ ਕੰਮ ਜ ਬੇਸਿਕਲੀ ਸੀ ਪਲੱਸ ਪਲੱਸ ਕੋਟਰਾ ਤੁਸੀ ਕਿਹਾ ਸਕਦੋਂ ਵੀ ਤੇਰਾਂਇਕਸਾਲ ਹੋ ਗਏ ਮਿਨੂੰ ਕੋਡਿੰਗ ਡੂਮੇਦੇ ਵਿੱਤੇ ਮੈਂ ਅੱਜ ਕੱਲ ਇੰਸਟਾਗਰਾਮ ਤੇ ਡੇੜਕ ਸਾਲ ਕੰਟੈਂਟ ਵੀ ਬੁਣਾ ਰਿਆ ਜਿੱਧੇ ਵਿੱਚ ਮੈਂ ਦਾਸਦਾਂ,9.24,https://www.youtube.com/watch?v=VJuk59w5O3I
wavs/spk4_bilingual_tech_0018.wav,spk4_bilingual_tech,Bilingual Tech Orator,male,ਕੀ ਤੁਸੀਂ ਪੰਜਾਬੀ ਵੱੇ ੜ ਕੋਈ ਵੀ ਵੱਚਿਆ ਮਲ ਤੁਸੀਂ ਆਈ ਟੀ ਦੇ ਵਿੱਚ ਕਿਮੇਂ ਜਾ ਸਕਦਿ ਂ ਏ ਆਈ ਕਿੇ ਵਰਕ ਕਰ ਰਹੀ ਹੈ ਆਈ ਟੀ ਦੇ ਚੈਲੰਜ ਕੀ ਨੇ ਆਈ ਟੀ ਦੀ ਜੋਬ ਸਕੀ ਮਿਲੇ ਸੋ ਇੋ ੜੀ ਇੰਟਰੋੜਕਸ਼ਨਾ ਮੇਰੀ ਹੈ,ਕੀ ਤੁਸੀਂ ਪੰਜਾਬੀ ਵੱੇ ੜ ਕੋਈ ਵੀ ਵੱਚਿਆ ਮਲ ਤੁਸੀਂ ਆਈ ਟੀ ਦੇ ਵਿੱਚ ਕਿਮੇਂ ਜਾ ਸਕਦਿ ਂ ਏ ਆਈ ਕਿੇ ਵਰਕ ਕਰ ਰਹੀ ਹੈ ਆਈ ਟੀ ਦੇ ਚੈਲੰਜ ਕੀ ਨੇ ਆਈ ਟੀ ਦੀ ਜੋਬ ਸਕੀ ਮਿਲੇ ਸੋ ਇੋ ੜੀ ਇੰਟਰੋੜਕਸ਼ਨਾ ਮੇਰੀ ਹੈ,8.81,https://www.youtube.com/watch?v=VJuk59w5O3I
wavs/spk4_bilingual_tech_0019.wav,spk4_bilingual_tech,Bilingual Tech Orator,male,ਰਾਈ ਕਰ ਰਹੇ ਵਪੰਜਾਬ ਦੇ ਵਿੱਚ ਤੋਂ ੱਡੇ ਰਗੇ ਲੋਕਾਂ ਦੇ ਪੋੜਕਾਸਟ ਬਹੁਤ ਘੱਟ ਨੇ ਜੋ ਪੰਜਾਬੀ ਭਾਸਾਮੈਂ ਇਜ਼ਤ ਕਰ ਦਾਂ ਇੰਗਲਿਸ ਦੀ ਹਿੰਦੀ ੀ ਕਰਨੀ ਚਾਹੀਦੀ ਕਿਉਂਕਿ ਉੱਥੋਂ ਵੀ ਤੋਂ ਨੂੰ ਇੰਨਫਰਮੇਸ਼ਨ ਮਿਲ ਰੀ ਹੈ,ਰਾਈ ਕਰ ਰਹੇ ਵਪੰਜਾਬ ਦੇ ਵਿੱਚ ਤੋਂ ੱਡੇ ਰਗੇ ਲੋਕਾਂ ਦੇ ਪੋੜਕਾਸਟ ਬਹੁਤ ਘੱਟ ਨੇ ਜੋ ਪੰਜਾਬੀ ਭਾਸਾਮੈਂ ਇਜ਼ਤ ਕਰ ਦਾਂ ਇੰਗਲਿਸ ਦੀ ਹਿੰਦੀ ੀ ਕਰਨੀ ਚਾਹੀਦੀ ਕਿਉਂਕਿ ਉੱਥੋਂ ਵੀ ਤੋਂ ਨੂੰ ਇੰਨਫਰਮੇਸ਼ਨ ਮਿਲ ਰੀ ਹੈ,7.99,https://www.youtube.com/watch?v=VJuk59w5O3I
wavs/spk4_bilingual_tech_0020.wav,spk4_bilingual_tech,Bilingual Tech Orator,male,ਮੈਰਜਿੜ ਨਹੀਆਂ ਕਿ ਪੰਜਾਬੀ ਵਿਚ ਕਿਉ ਣੀ ਹੋ ਰਹੇ ਰ ਧੋ ਆੱਡੇ ਨਜ਼ਰੀਏ ਨਾਲ ਕਿਉਂਕਿ ਸੀ ਤੋਂ ਨੂੰ ਲੱਬਿਆ ਜਦੋਂ ਸੋਸ਼ਲ ਮੀਡੀਆ ਤੋਂ ਸੀ ਤੋਂ ਨੂੰ ਅਪਰੋਚ ਕੀਤਾ ਕਿ ਪਜੀ ਸੀ ਪਾਡਕਾਸਟ ਕਰਨਾ ਹੈ ਸਾਡਾ ਮਕਸਦ ਦੇਹ ਸੀਗਾ ਕਿ,ਮੈਰਜਿੜ ਨਹੀਆਂ ਕਿ ਪੰਜਾਬੀ ਵਿਚ ਕਿਉ ਣੀ ਹੋ ਰਹੇ ਰ ਧੋ ਆੱਡੇ ਨਜ਼ਰੀਏ ਨਾਲ ਕਿਉਂਕਿ ਸੀ ਤੋਂ ਨੂੰ ਲੱਬਿਆ ਜਦੋਂ ਸੋਸ਼ਲ ਮੀਡੀਆ ਤੋਂ ਸੀ ਤੋਂ ਨੂੰ ਅਪਰੋਚ ਕੀਤਾ ਕਿ ਪਜੀ ਸੀ ਪਾਡਕਾਸਟ ਕਰਨਾ ਹੈ ਸਾਡਾ ਮਕਸਦ ਦੇਹ ਸੀਗਾ ਕਿ,8.95,https://www.youtube.com/watch?v=VJuk59w5O3I
wavs/spk4_bilingual_tech_0021.wav,spk4_bilingual_tech,Bilingual Tech Orator,male,ਸਾਡ ਨਾਲ ਜਾਆਦਾ ਤਰ ਪੰਜਾਬੀ ਔਡੀਅਂਸ ੈ ਪਿੰਡਾਂਲੀ ਸ਼ਹਿਰਾਂ ਆਲਈ ਲੋਕ ਜੁੜੇ ਨੇ ਤਾਂ ਅਸੀਂ ਹਰ ਪੱਖ ਰੱਖਣ ਦੀ ਕੋਸਿਸ ਕਰੀਦਸੁਮਾਰਜ ਦਾ ਹਰ ਚਹਿਰਾ,ਸਾਡ ਨਾਲ ਜਾਆਦਾ ਤਰ ਪੰਜਾਬੀ ਔਡੀਅਂਸ ੈ ਪਿੰਡਾਂਲੀ ਸ਼ਹਿਰਾਂ ਆਲਈ ਲੋਕ ਜੁੜੇ ਨੇ ਤਾਂ ਅਸੀਂ ਹਰ ਪੱਖ ਰੱਖਣ ਦੀ ਕੋਸਿਸ ਕਰੀਦਸੁਮਾਰਜ ਦਾ ਹਰ ਚਹਿਰਾ,6.78,https://www.youtube.com/watch?v=VJuk59w5O3I
wavs/spk4_bilingual_tech_0022.wav,spk4_bilingual_tech,Bilingual Tech Orator,male,ਤ ਜਿੜਾ ਤੋ ਵਾਡਾ ਮੇਨ ਚਹਿਰ ਹੈ ਆਈ ਦੇ ਰਿਲੇਟਿਡ ਤੁਸੀ ਆਈ ਟੀ ਦੀ ਗੱਲ ਕੀਤੀ ਪੰਜਾਬ ਦੇ ਵਿੱਚ ਇਦਾ ਦਿਪੋੜਕਸ ਕਿਉਂ ਨਹੀਂ ਹੁੰਦ ਮੁੱਖ ਕਾਰਨ ਕੀ ਲੱਗਦਾ ਧੋਣ ਮੁੱਖ ਕਾਡਿਮਾਂਡ ਐਨ ਸਪਲਾਈ ਦਾ ਰੂਲ ਸਾਰੇ ਿਤਲੱਗ ਹੁੰਦ,ਤ ਜਿੜਾ ਤੋ ਵਾਡਾ ਮੇਨ ਚਹਿਰ ਹੈ ਆਈ ਦੇ ਰਿਲੇਟਿਡ ਤੁਸੀ ਆਈ ਟੀ ਦੀ ਗੱਲ ਕੀਤੀ ਪੰਜਾਬ ਦੇ ਵਿੱਚ ਇਦਾ ਦਿਪੋੜਕਸ ਕਿਉਂ ਨਹੀਂ ਹੁੰਦ ਮੁੱਖ ਕਾਰਨ ਕੀ ਲੱਗਦਾ ਧੋਣ ਮੁੱਖ ਕਾਡਿਮਾਂਡ ਐਨ ਸਪਲਾਈ ਦਾ ਰੂਲ ਸਾਰੇ ਿਤਲੱਗ ਹੁੰਦ,9.73,https://www.youtube.com/watch?v=VJuk59w5O3I
wavs/spk4_bilingual_tech_0023.wav,spk4_bilingual_tech,Bilingual Tech Orator,male,ਡਿਮਾਡ ਹੈਣੀ ਦਾ ਸਪਲਾਈ ਵੀ ਜੀਰੋ ਹਦ ਸਪਲਾਈ ਕੋਈ ਬੰਦਾ ਰਿਪੋਰਟ ਕਾਟ ਕਰ ਰਿਹਾ ਤੁਸੀਂ ਵੀ ਕਰ ਰਿਹਾ ਾਡੇ ਕੋਇਹਨਾਂ ਫਾਤੋ ਟੈਮ ਨਹੇਗਾ ਵੀ ਤੁਸੀਂ ਪੋਰਡ ਕਾਸ਼ ਫ੍ਰੀ ਦੇ ਵਿਚਜ ਆਬਿਯਸ ਲੀ ਤੁਸੀਂ ਯੂਆਰ ਇਨਵੈਸਟਿੰਗ ਇਨਸਮਤਿੰਗ ਹੇ,ਡਿਮਾਡ ਹੈਣੀ ਦਾ ਸਪਲਾਈ ਵੀ ਜੀਰੋ ਹਦ ਸਪਲਾਈ ਕੋਈ ਬੰਦਾ ਰਿਪੋਰਟ ਕਾਟ ਕਰ ਰਿਹਾ ਤੁਸੀਂ ਵੀ ਕਰ ਰਿਹਾ ਾਡੇ ਕੋਇਹਨਾਂ ਫਾਤੋ ਟੈਮ ਨਹੇਗਾ ਵੀ ਤੁਸੀਂ ਪੋਰਡ ਕਾਸ਼ ਫ੍ਰੀ ਦੇ ਵਿਚਜ ਆਬਿਯਸ ਲੀ ਤੁਸੀਂ ਯੂਆਰ ਇਨਵੈਸਟਿੰਗ ਇਨਸਮਤਿੰਗ ਹੇ,8.82,https://www.youtube.com/watch?v=VJuk59w5O3I
wavs/spk4_bilingual_tech_0024.wav,spk4_bilingual_tech,Bilingual Tech Orator,male,ਤਵਾਡੇ ਟੀਮ ਤੋ ਾਡ ਖਰਚੇ ਨੇ ਤੁਸੀਂ ਪੋੜਕਾਸ਼ਟ ਪਾ ਗਏ ਜੇ ਕੁਈ ਦੇਖੂਾ ਤਾਂ ਈਓਹ ਦਾ ਫਾਇਦਾ ਸੌ ਪ੍ਰਸੌ ਪੰਜਾਬ ਦੇ ਵਿੱਚ ਉੱਦਾਂ ਦੀ ਓਰਡੀਅੰਸ ਨਹੀਂ ਹੇਗੀਹੈਗੀ ਹੈ ਬੱਟ ਬਹੁਤ ਘੱਟ ਹ,ਤਵਾਡੇ ਟੀਮ ਤੋ ਾਡ ਖਰਚੇ ਨੇ ਤੁਸੀਂ ਪੋੜਕਾਸ਼ਟ ਪਾ ਗਏ ਜੇ ਕੁਈ ਦੇਖੂਾ ਤਾਂ ਈਓਹ ਦਾ ਫਾਇਦਾ ਸੌ ਪ੍ਰਸੌ ਪੰਜਾਬ ਦੇ ਵਿੱਚ ਉੱਦਾਂ ਦੀ ਓਰਡੀਅੰਸ ਨਹੀਂ ਹੇਗੀਹੈਗੀ ਹੈ ਬੱਟ ਬਹੁਤ ਘੱਟ ਹ,7.53,https://www.youtube.com/watch?v=VJuk59w5O3I
wavs/spk4_bilingual_tech_0025.wav,spk4_bilingual_tech,Bilingual Tech Orator,male,ਹਨਾ ਤੇ ਇਹੇ ਇਹਦਾ ਕਾਰਨ ਇਹੀ ਹੈ ਕਿ ਇਸ ਕਰ ਕੇਦਾਂ ਦੇ ਭੋੜ ਕਾਟ ਵੀ ਨਹੀਂ ਬਣ,ਹਨਾ ਤੇ ਇਹੇ ਇਹਦਾ ਕਾਰਨ ਇਹੀ ਹੈ ਕਿ ਇਸ ਕਰ ਕੇਦਾਂ ਦੇ ਭੋੜ ਕਾਟ ਵੀ ਨਹੀਂ ਬਣ,3.8,https://www.youtube.com/watch?v=VJuk59w5O3I
wavs/spk4_bilingual_tech_0026.wav,spk4_bilingual_tech,Bilingual Tech Orator,male,ਸਿੱਧੀ ਜੀ ਗੱਲ ਹ ਬਿਲਕੁਲਹੁਤੋਂ ਨੂੰ ਮੈਂ ਏਗਜ਼ਾਪਲ ਦਿਨਾਂ ਮੇਰੇ ਕਈ ਕੋਲੇਜ ਜੂਨੀਅਰ ਨੇ ਸੇਮ ਪੰਜਾਬੀ ਬੰਦੇ ਨੇਹ ਆਪਣਾ ਇੱਕ ਲੂ ਧਿਆਨੇ ਦਾ ਮੁੰਡਾ ਕਾਸ਼ ਥੰਡਾ ਇੰਗਲਿਸ ਵੱਚ ਕੰਟੈਂਟ ਬਣਾਂਦਾ ਤੇ ਉਨੇ ਚਾਰ ਪੰਜ ਮਹੀਨਿਆ ਚੀ ਲੱਖ ਫੋਰੋਰ,ਸਿੱਧੀ ਜੀ ਗੱਲ ਹ ਬਿਲਕੁਲਹੁਤੋਂ ਨੂੰ ਮੈਂ ਏਗਜ਼ਾਪਲ ਦਿਨਾਂ ਮੇਰੇ ਕਈ ਕੋਲੇਜ ਜੂਨੀਅਰ ਨੇ ਸੇਮ ਪੰਜਾਬੀ ਬੰਦੇ ਨੇਹ ਆਪਣਾ ਇੱਕ ਲੂ ਧਿਆਨੇ ਦਾ ਮੁੰਡਾ ਕਾਸ਼ ਥੰਡਾ ਇੰਗਲਿਸ ਵੱਚ ਕੰਟੈਂਟ ਬਣਾਂਦਾ ਤੇ ਉਨੇ ਚਾਰ ਪੰਜ ਮਹੀਨਿਆ ਚੀ ਲੱਖ ਫੋਰੋਰ,10.0,https://www.youtube.com/watch?v=VJuk59w5O3I
wavs/spk4_bilingual_tech_0027.wav,spk4_bilingual_tech,Bilingual Tech Orator,male,ਚਲੇ ਸੀੋਰਾਂ ਤ ਸਿਰਫ ਕੋਰਡਿੰਗ ਸਖਾਂਦਾ ਓ ਲਧਿਆਣੇ ਓੋ ਹਾਲੂਧਿਆਤੇ ਉਹ ਵੀ ਖੁਸ਼ੋ ਗਾਬਦਾ ਨਾਮ ਸੁਣਕੇ ਆਾਜ ਨੇ ਨਾਲ ਹੀ ਦ ਨੂੰ ਦੱਸਤਾ ਵਾਈ ਕਿੇਂ ਦਰਾਂ ਨਾਮ ਲੈ ਲਿਆ,ਚਲੇ ਸੀੋਰਾਂ ਤ ਸਿਰਫ ਕੋਰਡਿੰਗ ਸਖਾਂਦਾ ਓ ਲਧਿਆਣੇ ਓੋ ਹਾਲੂਧਿਆਤੇ ਉਹ ਵੀ ਖੁਸ਼ੋ ਗਾਬਦਾ ਨਾਮ ਸੁਣਕੇ ਆਾਜ ਨੇ ਨਾਲ ਹੀ ਦ ਨੂੰ ਦੱਸਤਾ ਵਾਈ ਕਿੇਂ ਦਰਾਂ ਨਾਮ ਲੈ ਲਿਆ,8.17,https://www.youtube.com/watch?v=VJuk59w5O3I
wavs/spk4_bilingual_tech_0028.wav,spk4_bilingual_tech,Bilingual Tech Orator,male,ਤੇ ਹੁਣ ਇੰਗਲਿਸ਼ ਿੱਚ ਕੰਟੈਂਟਾ ਬਣਾਉਂਦਾ ਕਿਉਂ ਮਨਾਂਦਾ ਹੈ ਉਹ ਉਹ ਵੈਸਟ ਮਿਰੂੰ ਕਹਿੰਂਦਾ ਹੋ ਪਈ ਮੈਂ ਥੋੜੇ ਤੋਂ ਇੰਸਪਾਇਰ ਹੋਇਆਂ ਕੰਟੈਂਟ ਬਨਾਉਣ ਦੇ ਿ,ਤੇ ਹੁਣ ਇੰਗਲਿਸ਼ ਿੱਚ ਕੰਟੈਂਟਾ ਬਣਾਉਂਦਾ ਕਿਉਂ ਮਨਾਂਦਾ ਹੈ ਉਹ ਉਹ ਵੈਸਟ ਮਿਰੂੰ ਕਹਿੰਂਦਾ ਹੋ ਪਈ ਮੈਂ ਥੋੜੇ ਤੋਂ ਇੰਸਪਾਇਰ ਹੋਇਆਂ ਕੰਟੈਂਟ ਬਨਾਉਣ ਦੇ ਿ,5.84,https://www.youtube.com/watch?v=VJuk59w5O3I
wavs/spk4_bilingual_tech_0029.wav,spk4_bilingual_tech,Bilingual Tech Orator,male,ੁਣ ਕਾਰਨ ਕੀ ਹ ਬਾਈ ਹੋਰ ਵੀ ਹੈ ਗਏ ਨੇ ਮੇਰੇ ਜੂਨੀ ਅਰ ਕਲਜ ਆਕਾਸ਼ ਉਹ ਬਹੁਤ ਚਾਰ ਪੰਜ ਲੱਖ ਫੋਰ ਵਰਤੇ ਬੜਾ ਵਧੀਆ ਕੰਟਿਂਡ ਮੁਨਾ ਰਿਆ ਇਸ ਇਿਸੇ ਫੀਲ ਦੇ ਵਿੱਚ ਏਆਈ ਤੇ ਟੈਕਨੀਕਲ ਹੁਨਾਂ ਦੀ ਓਰਡੀਅੰਸ ਹੈਗੀ ਓਦਾਂ ਦੀ,ੁਣ ਕਾਰਨ ਕੀ ਹ ਬਾਈ ਹੋਰ ਵੀ ਹੈ ਗਏ ਨੇ ਮੇਰੇ ਜੂਨੀ ਅਰ ਕਲਜ ਆਕਾਸ਼ ਉਹ ਬਹੁਤ ਚਾਰ ਪੰਜ ਲੱਖ ਫੋਰ ਵਰਤੇ ਬੜਾ ਵਧੀਆ ਕੰਟਿਂਡ ਮੁਨਾ ਰਿਆ ਇਸ ਇਿਸੇ ਫੀਲ ਦੇ ਵਿੱਚ ਏਆਈ ਤੇ ਟੈਕਨੀਕਲ ਹੁਨਾਂ ਦੀ ਓਰਡੀਅੰਸ ਹੈਗੀ ਓਦਾਂ ਦੀ,9.43,https://www.youtube.com/watch?v=VJuk59w5O3I
wavs/spk4_bilingual_tech_0030.wav,spk4_bilingual_tech,Bilingual Tech Orator,male,ਉਹਨਾਂਨੇ ੇਨੂੰ ਕੋਸ਼ਨ ਪੁੱਛਿ ਅੱ ਜਦੋਂ ਮੈਆਪ ਦੇ ਜੂਨੀਅਨ ਨਾਲ ਗੱਲ ਕੀਤੀ ਆਪਣਾ ਅਰਸ਼ ਗੋਇਲ ਨਾਲ ਉਹਵਨ ੋ ਫੋਨ ਕੀਤਾ ਗਿਆਂ ਦਾ ਵੇਰੇ ਤੁਸੀਂ ਪੰਜਾਬ ਵਿੱਚ ਕਿਉਂ ਚੁਲਿਆ,ਉਹਨਾਂਨੇ ੇਨੂੰ ਕੋਸ਼ਨ ਪੁੱਛਿ ਅੱ ਜਦੋਂ ਮੈਆਪ ਦੇ ਜੂਨੀਅਨ ਨਾਲ ਗੱਲ ਕੀਤੀ ਆਪਣਾ ਅਰਸ਼ ਗੋਇਲ ਨਾਲ ਉਹਵਨ ੋ ਫੋਨ ਕੀਤਾ ਗਿਆਂ ਦਾ ਵੇਰੇ ਤੁਸੀਂ ਪੰਜਾਬ ਵਿੱਚ ਕਿਉਂ ਚੁਲਿਆ,6.97,https://www.youtube.com/watch?v=VJuk59w5O3I
wavs/spk4_bilingual_tech_0031.wav,spk4_bilingual_tech,Bilingual Tech Orator,male,ਮਕੇ ਯਰ ਕੋਈ ਹੋਰ ਨਹੀਂ ਬਨਾ ਰਹਾ ਸੀ ਮੈਂ ਚੋਣ ਲੈ ਸਕਰਹਾ ੀਯਲੀ ਜ਼ੋਨਰ ਹਾ ਬੀਕਿਉਂਕਿ ਹੁਣ ਭੀੜ ਵੱਚ ਬਰੰਦਾ ਮਿਨਾ ਫੈਦਾ ਨਹੀ ਮੈਹਿੰ ਦੀ ਵਿਚ ਬੜਜਾਂ ਮੈਂ ਰੋਜੂ ਆਈਡਡ ਵਧੀਆ ਹਾਈ ਕੁਆਲਿਟੀ ਦੀ ਵਿਡੀਜ ਬਣ ਰਹੀਆਂ ਨੇ,ਮਕੇ ਯਰ ਕੋਈ ਹੋਰ ਨਹੀਂ ਬਨਾ ਰਹਾ ਸੀ ਮੈਂ ਚੋਣ ਲੈ ਸਕਰਹਾ ੀਯਲੀ ਜ਼ੋਨਰ ਹਾ ਬੀਕਿਉਂਕਿ ਹੁਣ ਭੀੜ ਵੱਚ ਬਰੰਦਾ ਮਿਨਾ ਫੈਦਾ ਨਹੀ ਮੈਹਿੰ ਦੀ ਵਿਚ ਬੜਜਾਂ ਮੈਂ ਰੋਜੂ ਆਈਡਡ ਵਧੀਆ ਹਾਈ ਕੁਆਲਿਟੀ ਦੀ ਵਿਡੀਜ ਬਣ ਰਹੀਆਂ ਨੇ,9.6,https://www.youtube.com/watch?v=VJuk59w5O3I
wavs/spk4_bilingual_tech_0032.wav,spk4_bilingual_tech,Bilingual Tech Orator,male,ਇੰਗਲਿਸ ਬੁਲਾਣ ਲੱਗਿਆ ਫਿਰ ਵੀ ਮੈ ਰੁਲਜੂੰਗਾ ਮੇਨੂੰ ਟਾਈਮ ਲਾਣਾ ਭੂ ਗਾ ਫਰਦਾਨਾ ਪੂਗਾ ਪੰਜਾਬੀ ਵਿਚ ਵੇਰਾ ਕੋਈ ਐਫੜ ਨਹੀਂ ਹੇਗਾ ਮੈਤਾਂ ਫੋਨ ਚੱਕ ਦਾਂ ਭਾਜੀਤੋਰ ਤੁਸੀ ਹਾੜ ਲਈ ਮੰਨੋਂਗੇ,ਇੰਗਲਿਸ ਬੁਲਾਣ ਲੱਗਿਆ ਫਿਰ ਵੀ ਮੈ ਰੁਲਜੂੰਗਾ ਮੇਨੂੰ ਟਾਈਮ ਲਾਣਾ ਭੂ ਗਾ ਫਰਦਾਨਾ ਪੂਗਾ ਪੰਜਾਬੀ ਵਿਚ ਵੇਰਾ ਕੋਈ ਐਫੜ ਨਹੀਂ ਹੇਗਾ ਮੈਤਾਂ ਫੋਨ ਚੱਕ ਦਾਂ ਭਾਜੀਤੋਰ ਤੁਸੀ ਹਾੜ ਲਈ ਮੰਨੋਂਗੇ,6.73,https://www.youtube.com/watch?v=VJuk59w5O3I
wavs/spk4_bilingual_tech_0033.wav,spk4_bilingual_tech,Bilingual Tech Orator,male,ਮਨੂੰ ਇਕਰੀਲ ਨੂੰ ਦੱਸ ਮਿੰਟ ਲੱਗਦਿਆ ਕਈ ਵਾਰ ਤ ਬਣਾਉਣ ਲਈ ਕਈ ਵਾਰ ਮੈਂ ਤਿੰਨ ਤਿੰਨ ਮਿੰਟਾਂ ਜੀ ਬਣਾਈ ਹੋਈ ਹੈ ਵੈਰੀ ਗੁਕਿਸੇ ਦਾ ਕੋਸ਼ਿਸ਼ਨ ਆਇਆ ਰੋਡ ਿਚ ਪਾਗਨ ਹਾਂ ਭਾਕਿ ਤੇ ਉਹ ਵਾਇਰਲਸਵਿਊ ਹਿੰਦੀਆਂ ਨੇ ਰੋ ਰੀਡੀਓਬਾ ਹਾਂ ਕਿਉਂ ਕਿ ਬੁਰਾਣੀ ਰਿ ਮਕ ਕੋਈ ਹੋਰ ਦੀ ਬਨਾਰਿਾ ਮੈ ਬਨਾਲ ਲੱਗਿਆ ਪਰ,ਮਨੂੰ ਇਕਰੀਲ ਨੂੰ ਦੱਸ ਮਿੰਟ ਲੱਗਦਿਆ ਕਈ ਵਾਰ ਤ ਬਣਾਉਣ ਲਈ ਕਈ ਵਾਰ ਮੈਂ ਤਿੰਨ ਤਿੰਨ ਮਿੰਟਾਂ ਜੀ ਬਣਾਈ ਹੋਈ ਹੈ ਵੈਰੀ ਗੁਕਿਸੇ ਦਾ ਕੋਸ਼ਿਸ਼ਨ ਆਇਆ ਰੋਡ ਿਚ ਪਾਗਨ ਹਾਂ ਭਾਕਿ ਤੇ ਉਹ ਵਾਇਰਲਸਵਿਊ ਹਿੰਦੀਆਂ ਨੇ ਰੋ ਰੀਡੀਓਬਾ ਹਾਂ ਕਿਉਂ ਕਿ ਬੁਰਾਣੀ ਰਿ ਮਕ ਕੋਈ ਹੋਰ ਦੀ ਬਨਾਰਿਾ ਮੈ ਬਨਾਲ ਲੱਗਿਆ ਪਰ,11.44,https://www.youtube.com/watch?v=VJuk59w5O3I
wavs/spk4_bilingual_tech_0034.wav,spk4_bilingual_tech,Bilingual Tech Orator,male,ਟ੍ਰਸਟ ਮੀ ਜਾਤਰ ਲੋਕਾਂ ਦਾ ਇਹੀ ਸੋਚਨਾ ਹੈ ਸੁੱਚਨਾ ਵੇ ਟਰੂ ਵੀ ਹੈ ਓਰਡੀਅਸ ਨੀ ਹੇਗੀਓਦਂਦੀ ਆਪਣੇ ਪੰਜਾਬੀਆਂ ਦੇ ਮਾਸ ਓੋਡੀਅਂਸ ਦੀ ਗੱਲ ਕਰੂਗਾ ਸਾਰੇ ਪੰਜਾਬੀ ਨੀ ਆਪਣੇ ਪੰਜਾਬੀ ਬਹੁਤ ਵਧ ਵਧੇ ਕੰਪਨੀ ਵਿੱਚ ਬੈ,ਟ੍ਰਸਟ ਮੀ ਜਾਤਰ ਲੋਕਾਂ ਦਾ ਇਹੀ ਸੋਚਨਾ ਹੈ ਸੁੱਚਨਾ ਵੇ ਟਰੂ ਵੀ ਹੈ ਓਰਡੀਅਸ ਨੀ ਹੇਗੀਓਦਂਦੀ ਆਪਣੇ ਪੰਜਾਬੀਆਂ ਦੇ ਮਾਸ ਓੋਡੀਅਂਸ ਦੀ ਗੱਲ ਕਰੂਗਾ ਸਾਰੇ ਪੰਜਾਬੀ ਨੀ ਆਪਣੇ ਪੰਜਾਬੀ ਬਹੁਤ ਵਧ ਵਧੇ ਕੰਪਨੀ ਵਿੱਚ ਬੈ,9.26,https://www.youtube.com/watch?v=VJuk59w5O3I
wavs/spk4_bilingual_tech_0035.wav,spk4_bilingual_tech,Bilingual Tech Orator,male,ਮਰੇ ਦੋਸ ਤ ਮੈਟਾ ਵਿੱਚ ਵੀ ਬੈਠਿਆ ਐਮ ਜੋਨ ਵਚ ਬੈਿਆ ਮਾਇਕਰੋ ਸੋਫ ਵਿਚ ਬੈਠਿਆ ਗੋਗਲ ਵਿਚ ਵੀ ਬੈਠਆ ਈਵਨਕੀ ਇੱਕ ਹੋਰ ਹੈ ਇੱਕ ਹੋ,ਮਰੇ ਦੋਸ ਤ ਮੈਟਾ ਵਿੱਚ ਵੀ ਬੈਠਿਆ ਐਮ ਜੋਨ ਵਚ ਬੈਿਆ ਮਾਇਕਰੋ ਸੋਫ ਵਿਚ ਬੈਠਿਆ ਗੋਗਲ ਵਿਚ ਵੀ ਬੈਠਆ ਈਵਨਕੀ ਇੱਕ ਹੋਰ ਹੈ ਇੱਕ ਹੋ,6.04,https://www.youtube.com/watch?v=VJuk59w5O3I
wavs/spk2_male_literary_part2_0001.wav,spk2_male_literary_part2,Dr. Surjit Patar,male,ਉਦਾਸ ਬੂਸਤੂ ਆਮੂ ਕੇ ਮਿਲਿਕੇ ਖੁਸ਼ ਹੋਈ ੈ,ਉਦਾਸ ਬੂਸਤੂ ਆਮੂ ਕੇ ਮਿਲਿਕੇ ਖੁਸ਼ ਹੋਈ ੈ,5.19,https://www.youtube.com/watch?v=aIWAq9kfj-U
wavs/spk2_male_literary_part2_0002.wav,spk2_male_literary_part2,Dr. Surjit Patar,male,ਉਦਾਸ ਦੂਸ ਤੂ ਆਮ ਕਿਖੁਪੁਜਮੇ ਮਿਲਣ ਬਗੈਲ ਉਦਾਸੀ ਦਾ ਕੋਈ ਚਾਜਾਾਮਿਲਣ ਪਗੈਰ ਉਦਾਸੀ ਦਾ ਕੋਈ ਚਾਹਾ ਨਹਹੀਂ,ਉਦਾਸ ਦੂਸ ਤੂ ਆਮ ਕਿਖੁਪੁਜਮੇ ਮਿਲਣ ਬਗੈਲ ਉਦਾਸੀ ਦਾ ਕੋਈ ਚਾਜਾਾਮਿਲਣ ਪਗੈਰ ਉਦਾਸੀ ਦਾ ਕੋਈ ਚਾਹਾ ਨਹਹੀਂ,10.44,https://www.youtube.com/watch?v=aIWAq9kfj-U
wavs/spk2_male_literary_part2_0003.wav,spk2_male_literary_part2,Dr. Surjit Patar,male,ਪਟਕ ਦੇ ਅੱਖਰੂ ਆਮੋਤੇ ਮਿਣਕੇ ਲਫਜ ਵਣੋ ਪਟਕ ਦੇ ਅਖਰੂ ਆਮੂ ਤੇ ਮਿਲਕੇ ਲਫਜ ਵਣੋ,ਪਟਕ ਦੇ ਅੱਖਰੂ ਆਮੋਤੇ ਮਿਣਕੇ ਲਫਜ ਵਣੋ ਪਟਕ ਦੇ ਅਖਰੂ ਆਮੂ ਤੇ ਮਿਲਕੇ ਲਫਜ ਵਣੋ,7.15,https://www.youtube.com/watch?v=aIWAq9kfj-U
wavs/spk2_male_literary_part2_0004.wav,spk2_male_literary_part2,Dr. Surjit Patar,male,ਤੇ ਲਫਜੋਵਾ ਬਣੂ ਵਾਕਿਨ ਗੁਜਾਰਾ ਨੇ ਵੁਜਾ ਸੜਕੁਲਭਟਤਖ ਆ,ਤੇ ਲਫਜੋਵਾ ਬਣੂ ਵਾਕਿਨ ਗੁਜਾਰਾ ਨੇ ਵੁਜਾ ਸੜਕੁਲਭਟਤਖ ਆ,12.33,https://www.youtube.com/watch?v=aIWAq9kfj-U
wavs/spk2_male_literary_part2_0005.wav,spk2_male_literary_part2,Dr. Surjit Patar,male,ਤਿਮਿਲਕੀ ਲਖਜ ਵਨੋ ਤੇ ਲਖੋ ਵਾ ਵਨੋ ਵਾੇਨਗੁਜਾਨਾ ਰਹ ਅਰਸ਼ੀਨਕੀ ਹਮੇਸ਼,ਤਿਮਿਲਕੀ ਲਖਜ ਵਨੋ ਤੇ ਲਖੋ ਵਾ ਵਨੋ ਵਾੇਨਗੁਜਾਨਾ ਰਹ ਅਰਸ਼ੀਨਕੀ ਹਮੇਸ਼,7.01,https://www.youtube.com/watch?v=aIWAq9kfj-U
wavs/spk2_male_literary_part2_0006.wav,spk2_male_literary_part2,Dr. Surjit Patar,male,ਨਾ ਨੇ ਮੇਰੀ ਸੁਖਨ ਸੁਕੀਰਾਂ ਦੀ ਹਮੇਸ਼ ਨਾ ਨੇ ਮੇਰੇ ਸੁਖਨ ੁਕੀਰਾਂ ਦੇ ਸ਼ਾਹੀ ਕਹਨ,ਨਾ ਨੇ ਮੇਰੀ ਸੁਖਨ ਸੁਕੀਰਾਂ ਦੀ ਹਮੇਸ਼ ਨਾ ਨੇ ਮੇਰੇ ਸੁਖਨ ੁਕੀਰਾਂ ਦੇ ਸ਼ਾਹੀ ਕਹਨ,7.4,https://www.youtube.com/watch?v=aIWAq9kfj-U
wavs/spk2_male_literary_part2_0007.wav,spk2_male_literary_part2,Dr. Surjit Patar,male,ਮੈਂ ਕਲਾਜਾਂ ਦੇ ਸਹਾਰਾ ਨ ਸ਼ਾਹੀ ਕ ੈਕਲਨਾਜਾਬੀ ਸਹਾਰਰ ਮਹੀ ਉਧਾਖਰੀ ਸ਼ਿਾ ਕਿ,ਮੈਂ ਕਲਾਜਾਂ ਦੇ ਸਹਾਰਾ ਨ ਸ਼ਾਹੀ ਕ ੈਕਲਨਾਜਾਬੀ ਸਹਾਰਰ ਮਹੀ ਉਧਾਖਰੀ ਸ਼ਿਾ ਕਿ,7.89,https://www.youtube.com/watch?v=aIWAq9kfj-U
wavs/spk2_male_literary_part2_0008.wav,spk2_male_literary_part2,Dr. Surjit Patar,male,ਉਮਿਰੇ ਕੂਲ ਤਾਂ ਆਇਆ ਸੀ ਤਿੱਧਰੇ ਜਾਣ ਲਈ ਉਮਰੇ ਕੂਲ ਤਾਂ ਆਇਆ ਸੀ ਟਿੱਧਰੇ ਾਣ ਲਈ,ਉਮਿਰੇ ਕੂਲ ਤਾਂ ਆਇਆ ਸੀ ਤਿੱਧਰੇ ਜਾਣ ਲਈ ਉਮਰੇ ਕੂਲ ਤਾਂ ਆਇਆ ਸੀ ਟਿੱਧਰੇ ਾਣ ਲਈ,6.42,https://www.youtube.com/watch?v=aIWAq9kfj-U
wavs/spk2_male_literary_part2_0009.wav,spk2_male_literary_part2,Dr. Surjit Patar,male,ਮਿਰਾ ਮਜੂਤ ਤਾਂ ਕਿਸ਼ਤੀ ਹੀਸੀ ਤੇ ਨਾ ਰਾਾਾਾਸਮੁ ਕਿਸ਼ਤੀ ੀਸ ਾਜ ਨਾਨਾਲ ਾ,ਮਿਰਾ ਮਜੂਤ ਤਾਂ ਕਿਸ਼ਤੀ ਹੀਸੀ ਤੇ ਨਾ ਰਾਾਾਾਸਮੁ ਕਿਸ਼ਤੀ ੀਸ ਾਜ ਨਾਨਾਲ ਾ,9.29,https://www.youtube.com/watch?v=aIWAq9kfj-U
wavs/spk2_male_literary_part2_0010.wav,spk2_male_literary_part2,Dr. Surjit Patar,male,ਸ਼੍ਰੀੰਕੀਕੁਸ਼ਿਪਨਕਿਹਾ ਮੀਰੇ ਸੀਨੇ ਚ ਕੰਪਨ ਮਨ ਤਹਾਨ ਚਹਾ ਹੇਸੀਨੇ ਚ ਕੰਪਨ ਤਿਹਾਨ ਚ ਹਾ,ਸ਼੍ਰੀੰਕੀਕੁਸ਼ਿਪਨਕਿਹਾ ਮੀਰੇ ਸੀਨੇ ਚ ਕੰਪਨ ਮਨ ਤਹਾਨ ਚਹਾ ਹੇਸੀਨੇ ਚ ਕੰਪਨ ਤਿਹਾਨ ਚ ਹਾ,9.85,https://www.youtube.com/watch?v=aIWAq9kfj-U
wavs/spk2_male_literary_part2_0011.wav,spk2_male_literary_part2,Dr. Surjit Patar,male,ਮੈਖਿਚੀਆ ਤੀਹਾ ਐਪਨ ਅਜਮਾਨਿਾਚੀਆ ੀ ਰਕਮਾਕਮਾਨ ਚੋਹਾਹ ਤੇਸ਼ਦੀ,ਮੈਖਿਚੀਆ ਤੀਹਾ ਐਪਨ ਅਜਮਾਨਿਾਚੀਆ ੀ ਰਕਮਾਕਮਾਨ ਚੋਹਾਹ ਤੇਸ਼ਦੀ,11.27,https://www.youtube.com/watch?v=aIWAq9kfj-U
wavs/spk2_male_literary_part2_0012.wav,spk2_male_literary_part2,Dr. Surjit Patar,male,ਪਰ ਆਪਣੇ ਮੌਜੂਦ ਿਚ ਹੀ ਵਾਵਾ ਹਾਂਤਸ਼ਕਦੀ ਪਰ ਆਪਣੇ ਵਜੂਦ ਚ ਹੀ,ਪਰ ਆਪਣੇ ਮੌਜੂਦ ਿਚ ਹੀ ਵਾਵਾ ਹਾਂਤਸ਼ਕਦੀ ਪਰ ਆਪਣੇ ਵਜੂਦ ਚ ਹੀ,5.62,https://www.youtube.com/watch?v=aIWAq9kfj-U
wavs/spk2_male_literary_part2_0013.wav,spk2_male_literary_part2,Dr. Surjit Patar,male,ਕਨਖੌ ਕਰਹਿਮ ਦੀ ਮਿਆਨ ਜਾਂ ਾਕੀਨਖੌ ਰਹਿਮ ਅਮਿਆਨ ਜਹਾਂ,ਕਨਖੌ ਕਰਹਿਮ ਦੀ ਮਿਆਨ ਜਾਂ ਾਕੀਨਖੌ ਰਹਿਮ ਅਮਿਆਨ ਜਹਾਂ,6.98,https://www.youtube.com/watch?v=aIWAq9kfj-U
wavs/spk2_male_literary_part2_0014.wav,spk2_male_literary_part2,Dr. Surjit Patar,male,ਬਚਾਈ ਅੱ ਤੁ ਕਿਸੇ ਸੀਨੇ ਲੱਗੜ ਮੈਨੂੰ ਬਚਾਈ ਅੱਜ ਤੁ ਕਿਸੇ ਸੀਨੇ ਲੱਗੜੋ ਮੈਨੂੰ ਤਦ ਮੈਂ ਪੰਚੀ ਨਹੀ,ਬਚਾਈ ਅੱ ਤੁ ਕਿਸੇ ਸੀਨੇ ਲੱਗੜ ਮੈਨੂੰ ਬਚਾਈ ਅੱਜ ਤੁ ਕਿਸੇ ਸੀਨੇ ਲੱਗੜੋ ਮੈਨੂੰ ਤਦ ਮੈਂ ਪੰਚੀ ਨਹੀ,8.56,https://www.youtube.com/watch?v=aIWAq9kfj-U
wavs/spk2_male_literary_part2_0015.wav,spk2_male_literary_part2,Dr. Surjit Patar,male,ਤੀਹ ਰਹਾਂ ਉਧਾਨ ਚ ੈੀਨਹਾਓਚੁਪਾਗੀ ਰੱਖਦਾਂਾ,ਤੀਹ ਰਹਾਂ ਉਧਾਨ ਚ ੈੀਨਹਾਓਚੁਪਾਗੀ ਰੱਖਦਾਂਾ,10.99,https://www.youtube.com/watch?v=aIWAq9kfj-U
wavs/spk2_male_literary_part2_0016.wav,spk2_male_literary_part2,Dr. Surjit Patar,male,ਤਿਤੋ ੈਤਾਜੀਆ ਨਜਮਾ ਬਾਕਿ ਰਾਕਿਦਾਲੂ ੈਤਾਜੀ ਨਜਮਾਨ ਮਤਾਨ ਤੂ ਜਾਨ ਕ ਹੋਮੀ ੈਕਿਸ ਜਤਾਜਾੇੂਮੀ ੈਕਿਸ ਜਾਨ ਚਹਾ ਲਮ,ਤਿਤੋ ੈਤਾਜੀਆ ਨਜਮਾ ਬਾਕਿ ਰਾਕਿਦਾਲੂ ੈਤਾਜੀ ਨਜਮਾਨ ਮਤਾਨ ਤੂ ਜਾਨ ਕ ਹੋਮੀ ੈਕਿਸ ਜਤਾਜਾੇੂਮੀ ੈਕਿਸ ਜਾਨ ਚਹਾ ਲਮ,19.59,https://www.youtube.com/watch?v=aIWAq9kfj-U
wavs/spk2_male_literary_part2_0017.wav,spk2_male_literary_part2,Dr. Surjit Patar,male,ਇਲਭਸਮੀਰੇ ਨਹੀਂ ਾਮਿਰਾ ਹੈ ਜਾ ਖਬਰੀ ਇਹ ਵੀ ਨਹੀਂ ਐਹਮੇ ਮੈਂਗਮਾਨ ਚ ੋਜਾਾਇਕ ਦਿਨਾਂ ਕਿ,ਇਲਭਸਮੀਰੇ ਨਹੀਂ ਾਮਿਰਾ ਹੈ ਜਾ ਖਬਰੀ ਇਹ ਵੀ ਨਹੀਂ ਐਹਮੇ ਮੈਂਗਮਾਨ ਚ ੋਜਾਾਇਕ ਦਿਨਾਂ ਕਿ,20.7,https://www.youtube.com/watch?v=aIWAq9kfj-U
wavs/spk2_male_literary_part2_0018.wav,spk2_male_literary_part2,Dr. Surjit Patar,male,ਤਿਹੈ ਮੀਰਾ ਸਮੁੰਦਰ ਬੜੀਦੂ ਦੋਪਧਾ ਸੂਰਤ ਹਾ ਦੇ ਹਰ ਨੇਤਪਧਾ ਸੂਰਚ ਆ ਤਿਹੈ ਮਿਰਾ ਸਮੁੰਦਰ ਬੜੀਦੂਲ,ਤਿਹੈ ਮੀਰਾ ਸਮੁੰਦਰ ਬੜੀਦੂ ਦੋਪਧਾ ਸੂਰਤ ਹਾ ਦੇ ਹਰ ਨੇਤਪਧਾ ਸੂਰਚ ਆ ਤਿਹੈ ਮਿਰਾ ਸਮੁੰਦਰ ਬੜੀਦੂਲ,8.54,https://www.youtube.com/watch?v=aIWAq9kfj-U
wavs/spk2_male_literary_part2_0019.wav,spk2_male_literary_part2,Dr. Surjit Patar,male,ਮਨ ਅੰਤ ਨਹੀਂ ਆਪਣੀ ਕਥਾ ਦਾਮੰਨਤੁਗਜਾ ਸੂਰ ਜਹਾਂ ਤੇ ਹੈ ਮੀਰਾ ਸਮੁੰਦਰ ਪੜੀ ਦੂਰ,ਮਨ ਅੰਤ ਨਹੀਂ ਆਪਣੀ ਕਥਾ ਦਾਮੰਨਤੁਗਜਾ ਸੂਰ ਜਹਾਂ ਤੇ ਹੈ ਮੀਰਾ ਸਮੁੰਦਰ ਪੜੀ ਦੂਰ,8.29,https://www.youtube.com/watch?v=aIWAq9kfj-U
wavs/spk2_male_literary_part2_0020.wav,spk2_male_literary_part2,Dr. Surjit Patar,male,ਮਿਨਵੇ ਅੰਤ ਨਹੀਂ ਆਪਣੀ ਕਥਾ ਦਾ ਮਜੂ ਕੋਈ ਧਰਕੀ ਬਣਾ ੋਈ ਧਰਕੀ ਬਣਾ ਧੂੜ ਤੇ ਪੋਈ ਤਸਤੂਰ,ਮਿਨਵੇ ਅੰਤ ਨਹੀਂ ਆਪਣੀ ਕਥਾ ਦਾ ਮਜੂ ਕੋਈ ਧਰਕੀ ਬਣਾ ੋਈ ਧਰਕੀ ਬਣਾ ਧੂੜ ਤੇ ਪੋਈ ਤਸਤੂਰ,8.46,https://www.youtube.com/watch?v=aIWAq9kfj-U
wavs/spk2_male_literary_part2_0021.wav,spk2_male_literary_part2,Dr. Surjit Patar,male,ਕੋਈ ਤਰਕੀ ਬਣਾ ਤੂੜ ਦੇ ਕੋਈ ਗਸਤੂਲ ਮਰਨ ਤੋਂ ਪਹਿਲਾਂ ਹਾਤੀ ਮਮਿਲਨਾ ਹਿਸਰੂਮਰਨ ਤੋਂ ਪਹਿਲਾਂ ਹਾਤੀ ਮਮਰਨਾ,ਕੋਈ ਤਰਕੀ ਬਣਾ ਤੂੜ ਦੇ ਕੋਈ ਗਸਤੂਲ ਮਰਨ ਤੋਂ ਪਹਿਲਾਂ ਹਾਤੀ ਮਮਿਲਨਾ ਹਿਸਰੂਮਰਨ ਤੋਂ ਪਹਿਲਾਂ ਹਾਤੀ ਮਮਰਨਾ,10.04,https://www.youtube.com/watch?v=aIWAq9kfj-U
wavs/spk2_male_literary_part2_0022.wav,spk2_male_literary_part2,Dr. Surjit Patar,male,ਉਧਾਅੰਦਰ ਸੀ ਖੁਦਾ ੇਂਦਰਾ ਸਿ ਜੋ ਮੈਹ ੁਦਾਂ ਉਾਅੰਰ ਸੀ ਖੁਦਾ ਕੇਂਦਰਾ ਸਿੋ ਮੈਹ ਖੁਦਾ,ਉਧਾਅੰਦਰ ਸੀ ਖੁਦਾ ੇਂਦਰਾ ਸਿ ਜੋ ਮੈਹ ੁਦਾਂ ਉਾਅੰਰ ਸੀ ਖੁਦਾ ਕੇਂਦਰਾ ਸਿੋ ਮੈਹ ਖੁਦਾ,7.86,https://www.youtube.com/watch?v=aIWAq9kfj-U
wavs/spk2_male_literary_part2_0023.wav,spk2_male_literary_part2,Dr. Surjit Patar,male,ਉਧ ਖੜਿਆ ਨਚਾੜਤਾਸਲੀ ਮਨਸੂਰ ਦਾ ਅੰਦਿਨ ਸੀ ਪਦਾ ਕੇਂਦਾ ਸਿੰਗ ੋ ਮੈਹਾਵਾਾ,ਉਧ ਖੜਿਆ ਨਚਾੜਤਾਸਲੀ ਮਨਸੂਰ ਦਾ ਅੰਦਿਨ ਸੀ ਪਦਾ ਕੇਂਦਾ ਸਿੰਗ ੋ ਮੈਹਾਵਾਾ,8.06,https://www.youtube.com/watch?v=aIWAq9kfj-U
wavs/spk2_male_literary_part2_0024.wav,spk2_male_literary_part2,Dr. Surjit Patar,male,ਉਧਖੜਆਨਚਾਡਤਾ ਸੂਲੀ ਮਨਜੂਰ ਾਔ ਮੇੇਰਾਹਾ ਚ ਪਿਛਾਏ ਸੀ ਤੁਸਾਨਥਾਨਤਾ ਬਰੇ,ਉਧਖੜਆਨਚਾਡਤਾ ਸੂਲੀ ਮਨਜੂਰ ਾਔ ਮੇੇਰਾਹਾ ਚ ਪਿਛਾਏ ਸੀ ਤੁਸਾਨਥਾਨਤਾ ਬਰੇ,8.16,https://www.youtube.com/watch?v=aIWAq9kfj-U
wavs/spk2_male_literary_part2_0025.wav,spk2_male_literary_part2,Dr. Surjit Patar,male,ਮਿਰੇਰਾਹਾਂ ਚ ਪਿਛਾਈ ਸੀ ਤੁਸੀਂ ਥਨਤ ਮੜੀ,ਮਿਰੇਰਾਹਾਂ ਚ ਪਿਛਾਈ ਸੀ ਤੁਸੀਂ ਥਨਤ ਮੜੀ,3.03,https://www.youtube.com/watch?v=aIWAq9kfj-U
wavs/spk2_male_literary_part2_0026.wav,spk2_male_literary_part2,Dr. Surjit Patar,male,ਦਲੋ ਆਪ ਦੇ ਦਰ ਫੀਰੀ ਹਾਜ਼ਰ ਾ ਜੇਆ ਜਰ ਪਰਾਤੀ ਜੀ ੈ ਕੇ ਮੈਂ ਚ ਨੇ ਦੁੱਧਕੀ ਲਿਕੀ,ਦਲੋ ਆਪ ਦੇ ਦਰ ਫੀਰੀ ਹਾਜ਼ਰ ਾ ਜੇਆ ਜਰ ਪਰਾਤੀ ਜੀ ੈ ਕੇ ਮੈਂ ਚ ਨੇ ਦੁੱਧਕੀ ਲਿਕੀ,10.96,https://www.youtube.com/watch?v=aIWAq9kfj-U
wavs/spk2_male_literary_part2_0027.wav,spk2_male_literary_part2,Dr. Surjit Patar,male,ਤੂਮੀ ਕੋਮੀ ਗਾ ਨਜਲ ਾਮੈਂਚਮੇ ਡੁਪਕੇ ਲਿਖੀ ਤੂਮੀ ਉੇ ਕਾ ਨਜਲ,ਤੂਮੀ ਕੋਮੀ ਗਾ ਨਜਲ ਾਮੈਂਚਮੇ ਡੁਪਕੇ ਲਿਖੀ ਤੂਮੀ ਉੇ ਕਾ ਨਜਲ,5.92,https://www.youtube.com/watch?v=aIWAq9kfj-U
wavs/spk2_male_literary_part2_0028.wav,spk2_male_literary_part2,Dr. Surjit Patar,male,ਹੋਣ ਦੁਨੀਆ ਵਿਚ ਮਿਲੀ ਲਫ ਧੇਰੇ ਸਰਮਸ਼ੂਲ ਾਪਤੇ ਡੁਗਜਾ ਸੂਰਜਹਾਂ ਤੇਹੈ ਮੇਰਾ ਸਮੰਦਰ ਬਣੀਜੋ,ਹੋਣ ਦੁਨੀਆ ਵਿਚ ਮਿਲੀ ਲਫ ਧੇਰੇ ਸਰਮਸ਼ੂਲ ਾਪਤੇ ਡੁਗਜਾ ਸੂਰਜਹਾਂ ਤੇਹੈ ਮੇਰਾ ਸਮੰਦਰ ਬਣੀਜੋ,9.02,https://www.youtube.com/watch?v=aIWAq9kfj-U
wavs/spk2_male_literary_part2_0029.wav,spk2_male_literary_part2,Dr. Surjit Patar,male,ਮਿਨੂਵੀ ਅੰਤ ਨਹੀਂ ਆਪਣੀ ਕਥਾਤਾ ਮੰਨਸੂਣ ਉਰ ਇੱਕ ਸੇਰ ਦੇ ਕੁਸ਼ਿ ਹੈ ਕਿ ਤਿਰਾ ਦਿੱਤਾ ਫੁੱਲ ਵੀ,ਮਿਨੂਵੀ ਅੰਤ ਨਹੀਂ ਆਪਣੀ ਕਥਾਤਾ ਮੰਨਸੂਣ ਉਰ ਇੱਕ ਸੇਰ ਦੇ ਕੁਸ਼ਿ ਹੈ ਕਿ ਤਿਰਾ ਦਿੱਤਾ ਫੁੱਲ ਵੀ,8.25,https://www.youtube.com/watch?v=aIWAq9kfj-U
wavs/spk2_male_literary_part2_0030.wav,spk2_male_literary_part2,Dr. Surjit Patar,male,ਸੀਨੀ ਨਾਖੰਜਰ ਹੋ ਗਿਆਂ ਤਿਰਾ ਦਿੱਤਾ ਪੁੱਲ ਵੀ ਸੀਨੇ ਲੱਖ ਕੰਜ ਹੋ,ਸੀਨੀ ਨਾਖੰਜਰ ਹੋ ਗਿਆਂ ਤਿਰਾ ਦਿੱਤਾ ਪੁੱਲ ਵੀ ਸੀਨੇ ਲੱਖ ਕੰਜ ਹੋ,6.07,https://www.youtube.com/watch?v=aIWAq9kfj-U
wavs/spk3_female_broadcaster_part2_0001.wav,spk3_female_broadcaster_part2,BBC Punjabi Broadcaster,female,ਜਨ ਤੋ ਟਿਕਟੋਕ ਅਤੇ ਰੀਲਾ ਵਰਗੇ ਨਵੇਂ ਤਰੀਕੇ ਸਾਹਮਣੇ ਆ ਰਹੇ ਹਜੋ ਅਸਲ ਵਿੱਚ ਬਹੁਤ ਦਿਲ ਚਸਪ ਹੁੰਦੇ ਹਾਲਾਂ ਕਿ ਇਸ ਗੱਲ ਦੇ ਸਬੂਤ ਹਜੇ ਵੀ ਕਾਫੀ ਕਮਜ਼ੋਰ ਹਣ,ਜਨ ਤੋ ਟਿਕਟੋਕ ਅਤੇ ਰੀਲਾ ਵਰਗੇ ਨਵੇਂ ਤਰੀਕੇ ਸਾਹਮਣੇ ਆ ਰਹੇ ਹਜੋ ਅਸਲ ਵਿੱਚ ਬਹੁਤ ਦਿਲ ਚਸਪ ਹੁੰਦੇ ਹਾਲਾਂ ਕਿ ਇਸ ਗੱਲ ਦੇ ਸਬੂਤ ਹਜੇ ਵੀ ਕਾਫੀ ਕਮਜ਼ੋਰ ਹਣ,8.33,https://www.youtube.com/watch?v=yj8OHgeM_3k
wavs/spk3_female_broadcaster_part2_0002.wav,spk3_female_broadcaster_part2,BBC Punjabi Broadcaster,female,ਇਹ ਸਾਡੇ ਉਤੇ ਕਿਸ ਤਰ੍ਹਾਂ ਅਸਰ ਪਾਉਂਦੇ ਹਣ ਪਰਸ਼ਾਇਦ ਇਸ ਦਾ ਕਾਰਨ ਇਹ ਵੀ ਹੈ ਕਿ ਸਾਡੇ ਕੋਲ ਇਸ ਨੂੰ ਸਮਝਣ ਲਈ ਹਾਲੇ ਜ਼ਿਆਦਾ ਸਮਾਂ ਹੀ ਨਹੀ ਬਹੁਤ ਸਾਰੀਆਂ ਗੱਲਾਂ ਹਾਂ ਜੋ ਅਸੀ ਨਹੀ,ਇਹ ਸਾਡੇ ਉਤੇ ਕਿਸ ਤਰ੍ਹਾਂ ਅਸਰ ਪਾਉਂਦੇ ਹਣ ਪਰਸ਼ਾਇਦ ਇਸ ਦਾ ਕਾਰਨ ਇਹ ਵੀ ਹੈ ਕਿ ਸਾਡੇ ਕੋਲ ਇਸ ਨੂੰ ਸਮਝਣ ਲਈ ਹਾਲੇ ਜ਼ਿਆਦਾ ਸਮਾਂ ਹੀ ਨਹੀ ਬਹੁਤ ਸਾਰੀਆਂ ਗੱਲਾਂ ਹਾਂ ਜੋ ਅਸੀ ਨਹੀ,8.5,https://www.youtube.com/watch?v=yj8OHgeM_3k
wavs/spk3_female_broadcaster_part2_0003.wav,spk3_female_broadcaster_part2,BBC Punjabi Broadcaster,female,ਮੇਰਾ ਸਚਮੂਝ ੇ ਮਨਣਾ ਹੈ ਕਿ ਜੇਕਰ ਤੁਸੀਂ ਘਰੀਬ ਕਿਸੇ ਵੀ ਪੀੜੀ ਦੇ ਅਡਲਟਸ ਦਾ ਸਰਵੇ ਕਰਾਓ ਕੋਈ ਵੀ ਪੀੜੀ ਜੋ ਸੋਸ਼ਲ ਮੀਡੀਆ ਦਾ ਬਹੁਤ ਜ਼ਿਆਦਾ ਇਸਤੇਮਾਲ ਕਰਦੀ ਹੈ ਤਾਂ ਮੈ ਨੂੰ ਲੱਗਦਾ ਹੈ,ਮੇਰਾ ਸਚਮੂਝ ੇ ਮਨਣਾ ਹੈ ਕਿ ਜੇਕਰ ਤੁਸੀਂ ਘਰੀਬ ਕਿਸੇ ਵੀ ਪੀੜੀ ਦੇ ਅਡਲਟਸ ਦਾ ਸਰਵੇ ਕਰਾਓ ਕੋਈ ਵੀ ਪੀੜੀ ਜੋ ਸੋਸ਼ਲ ਮੀਡੀਆ ਦਾ ਬਹੁਤ ਜ਼ਿਆਦਾ ਇਸਤੇਮਾਲ ਕਰਦੀ ਹੈ ਤਾਂ ਮੈ ਨੂੰ ਲੱਗਦਾ ਹੈ,8.87,https://www.youtube.com/watch?v=yj8OHgeM_3k
wavs/spk3_female_broadcaster_part2_0004.wav,spk3_female_broadcaster_part2,BBC Punjabi Broadcaster,female,ਤੇ ਤੁਸੀਂ ਇਹ ਟਰੈੰਡ ਦੇਖੋ ਗਏ ਦੂਜੀਆਂ ਪੀੜੀਆਂ ਵੀ ਫੋਕਸ ਕਰਨ ਵਿੱਚ ਸੰਘਰਸ਼ ਕਰ ਰਹੀਆਂ ਨੇ ਜਦੋਂ ਅਸੀਂ ਸਾਰੇ ਡਿਡਿਟਲ ਡਿਵਾਈਇਸ ਨਾਲ ਆਪਣੇ ਰਿਸ਼ਤਕਾ ਰਿਹਤਾਂ ਆਓ ਰਾ ਵਖ ਿਨਾਂ ਬਾਰੇ ਜੈਂਸੀ ਦੇ ਨਾਲ ਹੋਖੀ ਰ,ਤੇ ਤੁਸੀਂ ਇਹ ਟਰੈੰਡ ਦੇਖੋ ਗਏ ਦੂਜੀਆਂ ਪੀੜੀਆਂ ਵੀ ਫੋਕਸ ਕਰਨ ਵਿੱਚ ਸੰਘਰਸ਼ ਕਰ ਰਹੀਆਂ ਨੇ ਜਦੋਂ ਅਸੀਂ ਸਾਰੇ ਡਿਡਿਟਲ ਡਿਵਾਈਇਸ ਨਾਲ ਆਪਣੇ ਰਿਸ਼ਤਕਾ ਰਿਹਤਾਂ ਆਓ ਰਾ ਵਖ ਿਨਾਂ ਬਾਰੇ ਜੈਂਸੀ ਦੇ ਨਾਲ ਹੋਖੀ ਰ,9.5,https://www.youtube.com/watch?v=yj8OHgeM_3k
wavs/spk3_female_broadcaster_part2_0005.wav,spk3_female_broadcaster_part2,BBC Punjabi Broadcaster,female,ਸਨੂੰ ਪਤਾ ਇੱਕ ਗੱਲ ਜਕੇ ਤੌਰੂ ਇਹ ਹੈ ਕਿ ਜਿਸ ਫਿਲ ਸਕੋਰ ਦੇਗ ਰਹੇ ੁਦੋਂਦੁਨੀਆ ਤੁਸੀਂ ਕਹਿ ਸਕਦੇ ਹ ਕਿ ਇਸ ਦਾ,ਸਨੂੰ ਪਤਾ ਇੱਕ ਗੱਲ ਜਕੇ ਤੌਰੂ ਇਹ ਹੈ ਕਿ ਜਿਸ ਫਿਲ ਸਕੋਰ ਦੇਗ ਰਹੇ ੁਦੋਂਦੁਨੀਆ ਤੁਸੀਂ ਕਹਿ ਸਕਦੇ ਹ ਕਿ ਇਸ ਦਾ,5.82,https://www.youtube.com/watch?v=yj8OHgeM_3k
wavs/spk3_female_broadcaster_part2_0006.wav,spk3_female_broadcaster_part2,BBC Punjabi Broadcaster,female,ਕਾਰਨ ਸਕੀਮ ਹੋ ਸਕਦੀ ਹੈ ਪਰ ਇਸ ਦੇ ਪਿੱਛੇ ਹੋਰ ਵੀ ਕਈ ਕਾਰਣ ਹੋ ਸਕਦੇ ਹਨ ਜਿਵੇਂ ਸਕੂਲੀ ਪ੍ਰਨਾਲੀ ਵਿੱਚ ਬਦਲਾ ਕੋਵਿਡ ਆ ਨੌਜਵਾਨਾਂ ਦੀ ਮਾਨਸਿਕ ਸਿਹਤ ਨਾਲ ਜੁੜੀਆਂ ਸਮੱਸਿਆਵਾਂ ਜਿਸ ਕਰਕੇ ਸਕੂਲ ਵਿੱਚ ਚੰਗਾ ਪ੍ਰਦਰਸ਼ਨ ਨਹੀਂ ਕਰ ਪਾ ਰਹ,ਕਾਰਨ ਸਕੀਮ ਹੋ ਸਕਦੀ ਹੈ ਪਰ ਇਸ ਦੇ ਪਿੱਛੇ ਹੋਰ ਵੀ ਕਈ ਕਾਰਣ ਹੋ ਸਕਦੇ ਹਨ ਜਿਵੇਂ ਸਕੂਲੀ ਪ੍ਰਨਾਲੀ ਵਿੱਚ ਬਦਲਾ ਕੋਵਿਡ ਆ ਨੌਜਵਾਨਾਂ ਦੀ ਮਾਨਸਿਕ ਸਿਹਤ ਨਾਲ ਜੁੜੀਆਂ ਸਮੱਸਿਆਵਾਂ ਜਿਸ ਕਰਕੇ ਸਕੂਲ ਵਿੱਚ ਚੰਗਾ ਪ੍ਰਦਰਸ਼ਨ ਨਹੀਂ ਕਰ ਪਾ ਰਹ,11.87,https://www.youtube.com/watch?v=yj8OHgeM_3k
wavs/spk3_female_broadcaster_part2_0007.wav,spk3_female_broadcaster_part2,BBC Punjabi Broadcaster,female,ਇਸ ਲਈ ਕਈ ਵੱਖ ਵੱਖ ਕਾਰਨ ਹੋ ਸਕਦੇ ਹਨ ਅਤੇ ਸ਼ਾਇਅਦਇਹਨਾਂ ਵਿਸਵ ਪੱਧਰੇ ਰੁਝਾਨਾਂ ਲਈ ਕੋਈ ਇਕੋਈ ਇੱਕ ਕਾਰਨ ਜ਼ਿੰਮੇਵਾਰ ਨਹੀਂ,ਇਸ ਲਈ ਕਈ ਵੱਖ ਵੱਖ ਕਾਰਨ ਹੋ ਸਕਦੇ ਹਨ ਅਤੇ ਸ਼ਾਇਅਦਇਹਨਾਂ ਵਿਸਵ ਪੱਧਰੇ ਰੁਝਾਨਾਂ ਲਈ ਕੋਈ ਇਕੋਈ ਇੱਕ ਕਾਰਨ ਜ਼ਿੰਮੇਵਾਰ ਨਹੀਂ,7.13,https://www.youtube.com/watch?v=yj8OHgeM_3k
